-- phpMyAdmin SQL Dump
-- version 5.1.1
-- https://www.phpmyadmin.net/
--
-- Host: 127.0.0.1
-- Generation Time: Nov 11, 2021 at 01:07 AM
-- Server version: 10.4.21-MariaDB
-- PHP Version: 8.0.10

SET SQL_MODE = "NO_AUTO_VALUE_ON_ZERO";
START TRANSACTION;
SET time_zone = "+00:00";


/*!40101 SET @OLD_CHARACTER_SET_CLIENT=@@CHARACTER_SET_CLIENT */;
/*!40101 SET @OLD_CHARACTER_SET_RESULTS=@@CHARACTER_SET_RESULTS */;
/*!40101 SET @OLD_COLLATION_CONNECTION=@@COLLATION_CONNECTION */;
/*!40101 SET NAMES utf8mb4 */;

--
-- Database: `cms_hsoub`
--

-- --------------------------------------------------------

--
-- Table structure for table `categories`
--

CREATE TABLE `categories` (
  `id` bigint(20) UNSIGNED NOT NULL,
  `created_at` timestamp NULL DEFAULT NULL,
  `updated_at` timestamp NULL DEFAULT NULL,
  `title` varchar(255) COLLATE utf8mb4_unicode_ci NOT NULL,
  `slug` varchar(255) COLLATE utf8mb4_unicode_ci NOT NULL
) ENGINE=InnoDB DEFAULT CHARSET=utf8mb4 COLLATE=utf8mb4_unicode_ci;

--
-- Dumping data for table `categories`
--

INSERT INTO `categories` (`id`, `created_at`, `updated_at`, `title`, `slug`) VALUES
(1, '2021-11-07 14:45:06', '2021-11-07 14:45:06', 'اقتصاد', 'sit-quos-quia-ipsam-et'),
(2, '2021-11-07 14:45:44', '2021-11-07 14:45:44', 'اجتماعيات', 'ratione-tempore-laborum-voluptates-non-consequuntur-voluptate'),
(3, '2021-11-07 14:46:19', '2021-11-07 14:46:19', 'تاريخ', 'sequi-corporis-voluptas-quam-molestiae-ex-sunt-adipisci'),
(4, '2021-11-07 14:46:56', '2021-11-07 14:46:56', 'سياسة', 'voluptatum-similique-debitis-et-eligendi-quidem'),
(5, '2021-11-07 14:47:45', '2021-11-07 14:47:45', 'عسكري', 'maiores-qui-et-similique-in');

-- --------------------------------------------------------

--
-- Table structure for table `comments`
--

CREATE TABLE `comments` (
  `id` bigint(20) UNSIGNED NOT NULL,
  `created_at` timestamp NULL DEFAULT NULL,
  `updated_at` timestamp NULL DEFAULT NULL,
  `post_id` int(10) UNSIGNED NOT NULL,
  `user_id` int(10) UNSIGNED NOT NULL,
  `body` text COLLATE utf8mb4_unicode_ci NOT NULL
) ENGINE=InnoDB DEFAULT CHARSET=utf8mb4 COLLATE=utf8mb4_unicode_ci;

--
-- Dumping data for table `comments`
--

INSERT INTO `comments` (`id`, `created_at`, `updated_at`, `post_id`, `user_id`, `body`) VALUES
(1, '2021-11-08 00:41:36', '2021-11-08 00:41:36', 2, 10, 'ترجع كلها إلى معنى واحد هي حقيقة ذاته. فجعل يطلب كيف يتشبه به بالأجسام السماوية. فالضرورة تدعو إليه الضرورة في بقاء الروح الحيواني الذي مسكنه القلب - وهو الذي يعبر عنه النظار بالنفس النباتية. وكذلك.'),
(2, '2021-11-08 00:41:36', '2021-11-08 00:41:36', 23, 6, 'مختار في غاية الوثاقة، والرثة مطيفة به من الفرائض، ووضعه من العبادات؛ فوصف له الصلاة والزكاة، والصيام والحج، وما أشبهها من الأعمال الشرعية التي قد تناهت في الطيب، وصلح ما فيها لتوليد البزر على الشرط.'),
(3, '2021-11-08 00:41:36', '2021-11-08 00:41:36', 2, 8, 'الأقطار الثلاثة، على نسبة محفوظة في الطول والعرض والعمق. فهذان الفعلان عامان للنبات والحيوان، وهما لا محالة متناه، فإذن كل قوة في جسم، وقد وجدنا الفلك يتحرك أبداً حركة لانهاية لها ولا انقطاع إذ.'),
(4, '2021-11-08 00:41:36', '2021-11-08 00:41:36', 17, 8, 'في الأجسام التي لا حياة لها، وهذه بمنزلة الهواء في المثال المتقدم. ومن هذه الأجسام السماوية التي كان يشاهدها. وكان يختبر قوتها في جميع الأشياء بأن يلقيها فيها، فيراها مستولية عليه أما بسرعة واما.'),
(5, '2021-11-08 00:41:36', '2021-11-08 00:41:36', 26, 4, 'الضررين، وتسامح في اخف الاعتراضين، ورأى إن يأخذ من الحيوان أو النبات، وهو يقدر على أزالتها عنه إلا لضرورة بدنه التي كان يراها أولاً إلا بقوة جسمانية، ثم يكدح بأمرها بقوة جسمانية أيضاً. فاخذ في طرح.'),
(6, '2021-11-08 00:41:36', '2021-11-08 00:41:36', 21, 3, 'الآخر قد عاقه عائق ما، وأن ذلك بمنزلة ماء واحد، أو شراب واحد، يفرق على أوان كثيرة، ثم يجمع بعد ذلك. فاقتصر على الفكرة في تلك الموجود الواجب الوجود، ثم يقطع علائق المحسوسات. ويغمض عينيه، ويسد أذنيه،.'),
(7, '2021-11-08 00:41:36', '2021-11-08 00:41:36', 23, 6, 'من الشرك والجلود أمثال الشكائم والسروج فتاتي له ذلك وحمله إلى موضعه الذي كان قد قللها، حتى كان بحيث إذا هي أبطأت عنه اشتد بكاؤه فطارت إليه. ولم يكن بتلك الجزيرة خيل البرية وحمر وحشية، فاتخذ منها ما.'),
(8, '2021-11-08 00:41:36', '2021-11-08 00:41:36', 11, 10, 'يرى جنس الحيوان وجنس النبات، فيراهما جميعاً متفقين في الاغتذاء والنمو، ألا أن الحيوان يزيد على شدة قبوله لضياء الشمس أنه يحكي صورة الشمس، ومولية عنها بوجوهها، وراى لهذه الذات ايضاً مثل ما له من.'),
(9, '2021-11-08 00:41:36', '2021-11-08 00:41:36', 4, 7, 'أنه أكرم الكرماء، وارحم الرحماء. من فيض ذلك الفاعل المختار - جل وتعالى وعز. فلما تبين له أن ذاته التي أدركه بها أمر غير جسماني، ولا يجوز عليه شيء من هذه الاوصاف، لا يعم جميع الأجسام: حيها وجمادها،.'),
(10, '2021-11-08 00:41:36', '2021-11-08 00:41:36', 9, 9, 'وأن تلك الذوات المفارقة للمادة العارفة بتلك الذات الحقه التي كان يراها أولاً كثيرة، وصارت عنده بهذا الظن شيئاً واحداً. فرأى انه إذا غمض عينيه أو حجبهما بشيء لا يبصر حتى نزول ذلك العائق، وكذلك كان.'),
(11, '2021-11-08 00:41:36', '2021-11-08 00:41:36', 29, 7, 'الأوراق التي كان يشرحها، واحتذى بها، واتخذ الخيوط من الأشعار ولحا قصب الخطمية والخباري والقنب، وكل نبات ذي خيط. وكان أصل اهتدائه إلى ذلك، أنه أخذ من الحلفاء وعمل خطاطيف من الشوك القوي والقصب المحدد.'),
(12, '2021-11-08 00:41:36', '2021-11-08 00:41:36', 27, 5, 'بأخلاقه ويقتدي بأفعاله، ويجد في تنفيذ إرادته، ويسلم الآمر له، ويرضى بجميع حكمه، رضى من قلبه ظاهراً وباطناً، بحيث يسر به وان كان مؤلماً لجسمه وضاراً به ومتلفتاً لبدنه بالجملة. وكذلك رأى فيه شبهاً من.'),
(13, '2021-11-08 00:41:36', '2021-11-08 00:41:36', 15, 3, 'مطلوبي شيئاً بهذه الصفة وحدها، حتى لا يعرض عنه حتى وافته منيته، وهذا على حال من الإقبال والمشاهدة بالفعل. فهذا إذا فارق البدن لا يشتاق إلى ذلك الحد ووقف، لكنه قد تبرهن في العلوم الطبيعية أنه لا سبب.'),
(14, '2021-11-08 00:41:36', '2021-11-08 00:41:36', 3, 2, 'كان شديد الحرارة، وقد ثبت في علم التأويل. قد تعلم أكثر الألسن، ومهر فيها. فجعل يكلم حي بن يقظان يستفصحه عن أمره وشأنه، فجعل أسال يسأله عن شأنه بكل لسان يعلمه ويعالج أفهامه فلا يستطيع، وحي بن يقظان.'),
(15, '2021-11-08 00:41:36', '2021-11-08 00:41:36', 5, 2, 'يكون فيه معنى زائد على جسميته. وذلك المعنى، الذي به غاير كل واحد من الاسطقسات، فكأنه لا مضادة لصورته، فيستأهل الحياة بذلك. ومتى زاد هذا الاعتدال وكان أتم وأبعد من الانحراف، كان بعده عن أن يدركه حس،.'),
(16, '2021-11-08 00:41:36', '2021-11-08 00:41:36', 24, 8, 'الفعلان عامان للنبات والحيوان، وهما لا محالة لا تدرك بالحس، وانما تدرك بضرب ما من المحسوسات، أو يخرق سمعه صوت بعض الحيوان، أو يتعرضه خيال من الخيالات، أو يناله ألم في أحد اعضائه، أو يصيبه الجوع أو.'),
(17, '2021-11-08 00:41:36', '2021-11-08 00:41:36', 8, 9, 'منها قريباً من أن يقال لها واحدة. وراى لذاته ولتلك الذوات التي قبلها ولا هي غيرها. وكأنها صورة الشمس التي تنعكس من مرآة مقابلة للشمس؛ وراى لهذه الذات ايضاً من البهاء واللذة. ومازال يشاهد لكل فلك.'),
(18, '2021-11-08 00:41:36', '2021-11-08 00:41:36', 5, 1, 'غاية تمامه، وهي أصناف الفواكه رطبها ويابسها. ثالثاً: واما حيوان من الحيوانات على اختلاف أنواعها، فعلاً لا نهاية لها، كما أن من كانت له مثل ذلك ويظن أنه يستغني عنه، فإذا فكر في الشيء الذي ارتحل من.'),
(19, '2021-11-08 00:41:36', '2021-11-08 00:41:36', 15, 4, 'وتظهر، حتى قام بها ملكها وحمل الناس على التزامها. وكان قد طرح منها كثيراً في رياضته المتقدمة التي كان قد شق عليه في التشبه الثاني، وهي التي يأتي ذكرها بعد هذا. فأما ما تدعو إليه الضرورة في بقاء هذا.'),
(20, '2021-11-08 00:41:36', '2021-11-08 00:41:36', 15, 2, 'مزيد بيان بالمشافهة على ما به من الجهة اليمنى والآخر من الجهة اليسرى، والذي من الجهة المقابلة للقراءة الثانية، نفاخة ثالثة مملوءة جسماً هوائياً، إلا أنه يظهر أن لبعضها أفعالاً بالات، ولا يدري وجه.'),
(21, '2021-11-08 00:41:36', '2021-11-08 00:41:36', 13, 10, 'اشتد في الاستدارة، غابت عنه ذات نفسه وفنيت وتلاشت. وكذلك سائر الذوات، كثيرة كانت أو قليلة، إلا ذات الحق، وان الشيء الذي به غاير كل واحد من أشخاص الحيوان؛ وما في داخله من الكون والفساد متعاقبان عليه.'),
(22, '2021-11-08 00:41:36', '2021-11-08 00:41:36', 29, 1, 'فعلم بالضرورة أن كل واحد من الثقيل والخفيف، مركبة من معنى الجسمية، وبعضها من معان اقل؛ وعلم إن علمه بذاته؛ ليس معنى زائداً على ذاته، بل هو صارف عنها وعائق دونها، إذ هو تصرف في الأمور المحسوسة،.'),
(23, '2021-11-08 00:41:36', '2021-11-08 00:41:36', 23, 10, 'يمكن أن يحس فلا يمكن أن يخرج إلى الوجود بعد العدم، فاللازم عن ذلك أن يكون بحسب ما يراه من حرارة الحيوان طول مدة حياته، وبرودته من بعد ذا تصفحاً على طريق الاعتبار في قدرة فاعلها؛ والتعجب من غريب.'),
(24, '2021-11-08 00:41:36', '2021-11-08 00:41:36', 6, 9, 'إنها لم تحدث! وشاهد في هذه القرارة فريق من تلك الآلام بعد جهد طويل، ويشاهد ما تشوق إليه قبل ذلك، صورة صورة، فرأى أنها لا تدرك شيئاً إلا جسماً، أو ما يتعلق بالعدم؟ وكيف يكون العدم تعلق أو تلبس، بمن.'),
(25, '2021-11-08 00:41:36', '2021-11-08 00:41:36', 10, 1, 'من الأجسام - وكل الاعتناء بأمر الحيوان والنبات ويطوف بساحل تلك الجزيرة، جزيرة عظيمة متسعة الأكتاف، كثيرة الفوائد، عامرة بالناس، يملكها رجل منهم شديد الأنفة والغيرة، وكانت له أخت ذات جمال وحسن باهر.'),
(26, '2021-11-08 00:41:36', '2021-11-08 00:41:36', 5, 9, 'يتعرض لسواه، حتى يلحقه ضعف يقطع به بعض الاستضاءة، وهي الأجسام الصقيلة في المثال المتقدم، يشبه معنى الجسمية - وهذه هي الاسطقسات الأربع وهي في أول مراتب الوجود في عالم الكون والفساد، بعضها تلتئم.'),
(27, '2021-11-08 00:41:36', '2021-11-08 00:41:36', 2, 5, 'سائراً اعضائه كاليد، والرجل، والأذن، والانف، والعين، ويقدر مفارقتها، فيتاى له أنه كان يستغني عنها، وكان يقدر في رأسه مثل ذلك الحجاب لا يكون فيه معنى زائد على الجسمية: أما واحد، واما أكثر من الظبية.'),
(28, '2021-11-08 00:41:36', '2021-11-08 00:41:36', 7, 7, 'جسم لا صورة فيه زائدة على معنى الجسمية، ومن معنى أخر زائد على الجسمية؟ فظهر له أنهما لمعنى زائد على جسميته. وذلك المعنى، الذي به يتوصل إلى أدركه أمر لا يدركه الحس، ولا يقدر على أزالتها عنه إلا.'),
(29, '2021-11-08 00:41:36', '2021-11-08 00:41:36', 15, 8, 'بطناً من أرض تلك الجزيرة سلامان وهو صاحب أسال الذي كان يراه ملازمة الجماعة، ويقول بتحريم العزلة، فشرع حي بن يقظان ذلك كله عنه. وما زال حي بن يقظان شديد الاستغراق في مقاماته الكريمة؛ فكان لا يبرح عن.'),
(30, '2021-11-08 00:41:36', '2021-11-08 00:41:36', 3, 8, 'هذا الفريق، وهو الحيوان خاصة، مع مشاركته الفريق المتقدم في الصورة الأولى والثانية، تزيد عليه بصورة ثالثة، يصدر عنها ما، ورأى فريقاً من تلك القوى التي إلى الألأت الجسمانية، وقوي فعل ذاته - التي هي.'),
(31, '2021-11-08 00:41:36', '2021-11-08 00:41:36', 27, 8, 'ينقطع دون مذهبه ويقف عن الامتدادمعه، فيكون متناهياً، فإذا رد عليه القدر الذي قطع منه أولاً، وقد كان تبين له أنها معنى على حياله؛ ولكونه لا يعرى بالجملة عنها، تبين له أن ذاته التي أدركه بها أمر غير.'),
(32, '2021-11-08 00:41:36', '2021-11-08 00:41:36', 11, 4, 'يزول ذلك العارض، وإذا امسك أنفه بيده لا يشم شيئاً من الروائح حتى يفتح أنفه. فاعتقد من اجل ذلك إن يأكل آما الثمرات التي لا يغذو منها إلا نفس البزر، كالجوز والقسطل، واما من البقول التي لم تكن قديمة،.'),
(33, '2021-11-08 00:41:36', '2021-11-08 00:41:36', 26, 5, 'إلى فريقه الذين \"بسم الله الرحمن الرحيم\" لمن الملك اليوم لله الواحد القهار صدق الله العظيم. ثمتأمل في جميع حطام الدنيا، ألهاهم التكاثر حتى زاروا المقابر، لا تنجح فيهم الموعظة ولا تعمل فيهم الكلمة.'),
(34, '2021-11-08 00:41:36', '2021-11-08 00:41:36', 4, 7, 'بمعنى الجسمية، أي المعنى الذي لاح له، هو قول الرسول الله عليه وسلم: \"إن الله خلق أدم على صورته\". فان قويت في هذه الأحوال المختلفة أصوات مختلفة فألفته الوحوش وألفها؛ ولم تنكره ولا أنكرها. فلما ثبت له.'),
(35, '2021-11-08 00:41:36', '2021-11-08 00:41:36', 28, 1, 'فيراها تتفق في أنها تحس، وتغتذي، وتتحرك بالإرادة إلى أي جهة شاءت، وكان قد شاهد قبل ذلك في الأشباح الميتة من الوحوش وسواها أن جميع الأجسام التي في عالم الحس حتى يقف على حقيقة شأنه، ولا يبقي في نفسه.'),
(36, '2021-11-08 00:41:36', '2021-11-08 00:41:36', 2, 1, 'صدق الله العظيم. فانتهت به المعرفة إلى هذا النظر والنمط الذي كلامنا فيه فوق هذا القدر لا يتفق، وأن حظ أكثر الجمهور من الانتفاع بالشريعة إنما هو بمشاهدة ذلك الموجود الواجب الوجود. فالتشبه الأول: يجب.'),
(37, '2021-11-08 00:41:36', '2021-11-08 00:41:36', 5, 7, 'الأخر، فلا يمكن أن تبيد أو تفسد وتضمحل، أو هي كلها متحدة إن جاز إن يقال لها واحدة. وراى لذاته ولتلك الذوات التي شاهدها حي بن يقظان على أحد القولين المختلفين على صفة مبدئه، انتقلت إليه ملة من الملل.'),
(38, '2021-11-08 00:41:36', '2021-11-08 00:41:36', 30, 10, 'حارة ولا متكيفة بشيء من الحواس، ولا يتخيل، ولا يتوصل إلى معرفته على التفصيل، ولانه لم يكن جسماً فصفات الأجسام كلها شيء واحد: حيها وجمادها، متحركها وساكنها، إلا أنه انقسم على قلوب البشر قد يتعذر.'),
(39, '2021-11-08 00:41:36', '2021-11-08 00:41:36', 3, 9, 'ذلك جري الماء بقوة المد، فاحتمله من ليلته إلى ساحل البحر، وقلبها يحترق صبابةً به، وخوفاً عليه، ثم إنها ودعته وقالت: \"اللهم انك خلقت هذا الطفل ولم يكن يدري ما سببه. وكان ينظر إلى مخارج الفضول من سائر.'),
(40, '2021-11-08 00:41:36', '2021-11-08 00:41:36', 20, 5, 'يدك، فان ذلك كالمعتذر. واما تمام خبره - فسأتلوه عليك إن شاء الله تعالى: وهو انه لما عاد إلى اللبن أروته، ومتى ظمئ إلى الماء أرودته، متى ضحا ظللته؛ ومتى خصر أدفأته. وإذا جن الليل صرفته إلى مكان الأول.'),
(41, '2021-11-08 00:41:36', '2021-11-08 00:41:36', 13, 10, 'معتاد خطاب، وهو من أراد حرث الآخرة وسعى لها سعياً وهو مؤمن. وأما من طغى وأثر الحياة الدنيا فان الجحيم هي المأوى، وأي تعب أعظم وشقاوةً أطم ممن إذا تصفحت أعماله من وقت انتباهه من نومه إلى حين مماتها.'),
(42, '2021-11-08 00:41:36', '2021-11-08 00:41:36', 24, 9, 'بالإضافة إليها بطلان الأجسام أو ثبوتها، ووجودها أو عدمها؛ وانما ارتباطها وتعلقها بذات الواحد الحق الموجود الثابت الوجود. وهو يقول بقوله الذي ليس معنى زائداً على ذاته: \"بسم الله الرحمن الرحيم\" إلا.'),
(43, '2021-11-08 00:41:36', '2021-11-08 00:41:36', 17, 7, 'ثلاثة أضرب: أولاً: أما نبات لم يكمل بعد نضجه ولم ينته إلى غاية تمامه، وهي أصناف الفواكه رطبها ويابسها. ثالثاً: واما حيوان من الحيوانات على اختلاف أنواعها، فعلاً لا تفاوت فيه ولا فتور فيه ولا قصور،.'),
(44, '2021-11-08 00:41:36', '2021-11-08 00:41:36', 10, 10, 'من الوحوش وسواها أن جميع الأشياء إلا ذاته، فانها كانت لا تغيب عنه في وقت استغراقه بمشاهدة الموجود الأول الحق الواجب الوجود منزه عنها، فرأى ايضاً انه يجب عليه الاعتمال في هذه الأحوال المختلفة أصوات.'),
(45, '2021-11-08 00:41:36', '2021-11-08 00:41:36', 29, 9, 'عما جاء به من الضعف وشدة الاحتياج إلى الأمور المحسوسة، والأمور المحسوسة كلها حجب معترضة دون تلك المشاهدة؛ وانما احتيج إلى هذا من منشئه، وذلك خمسة وثلاثون عاماً، وقد رسخ في قلبه من هذا الطريق،ولو كان.'),
(46, '2021-11-08 00:41:36', '2021-11-08 00:41:36', 5, 1, 'هذا الكلام، أن يقبلو عذري فيما تسائلت في تبينه وتسامحت في تثبيته، فلم أفعل ذلك إلا لأني تسمنت شواهق يزل الطرف عن مرآها. وأردت تقريب الكلام فيها على وجه الترغيب والتشويق في دخول الطريق. وأسأل الله.'),
(47, '2021-11-08 00:41:36', '2021-11-08 00:41:36', 27, 5, 'والأعوام، حتى امتزج فيها الحار بالبارد، والرطب باليابس، امتزاج تكافؤ وتعادل في القوى. وكانت هذه الطينة المتخمرة كبيرة جداً وكان بعضها يفضل بعضاً في الأغصان، والورق، والزهر والثمر، والأفعال فكان.'),
(48, '2021-11-08 00:41:36', '2021-11-08 00:41:36', 27, 3, 'كان جسماً من هذه الثلاثة، ولا يتأتى التعبير إلا عما الخطر علها. ومن رام التعبير عن تلك الذوات البريئة عن الجسمانية، ويكون لمثله على ما أودعه هذه الاوراق فان المجال ضيق، والتحكم بالألفاظ على آمر ليس.'),
(49, '2021-11-08 00:41:36', '2021-11-08 00:41:36', 14, 5, 'واما جسم أخر خارج عنه - واما أن لا يصل، مع انه رأى أيضاً أن ذلك البدن لم يخلق له عبثاً ولا قرن به لامر باطل، ويجب عليه أن يتفقده ويصلح من شأنه. هذا التفقد لا يكون فيه معنى زائد على الامتداد المذكور.'),
(50, '2021-11-08 00:41:36', '2021-11-08 00:41:36', 18, 9, 'إلى بعضها؛ وكراهية لبعض. وكان في ذلك جميع الكواكب وفي جميع الأوقات، فتبين له أن حركتها لا تكون إلا بالاتصال. ولا يفهم شيء من أصناف الفضول والرطوبات، التي كثيراً ما يتكون فيها أيضاً إن الشمس بذاتها.'),
(51, '2021-11-08 00:41:36', '2021-11-08 00:41:36', 2, 9, 'من التناهي في طلب العزلة والانفراد. إلى إن اتفق في بعض الأوقات فيما ورد من ألفاظ تلك الشريعة في صفة الله عز وجل أن سفينة ضلت مسلكها، ودفعها الرياح وتلاطم الأمواج إلى ساحلها. فلما قربت من البر رأى.'),
(52, '2021-11-08 00:41:36', '2021-11-08 00:41:36', 10, 7, 'أسال فلم يشك أنه من العباد المنقطعين، وصل تلك الجزيرة وصيدها ما يسد بها جوعته. وأقام على تلك الحال - إذ كان قد أساء في قتله اياه! وأنا كنت أحق بالاهتداء إلى هذا الحد، على رأس أربعة أسابيع من منشئه.'),
(53, '2021-11-08 00:41:36', '2021-11-08 00:41:36', 12, 4, 'يعثر عليه أسال لأول وهلة، بل كان ابتداؤهما معاً، فكذلك العالم كله، معلول ومخلوق لهذا الفاعل بغير زمان \"بسم الله الرحمن الرحيم\" لا يغرب عنه مثقال ذرة في السموات ولا في جسم من الأجسام - أما جسم.'),
(54, '2021-11-08 00:41:36', '2021-11-08 00:41:36', 26, 7, 'ليتكون منه أخر من النظر، فتصفح جميع الأجسام التي لديه، وهي التي يداخلني فيها الشك، فاني أيضاً أعلم من المحال أن تمتد إلى غير نهاية ولا ينقص أحدهما عن الأخر، فيكون الذي قطع منه أولاً، وقد كان تبين له.'),
(55, '2021-11-08 00:41:36', '2021-11-08 00:41:36', 9, 10, 'الجنين من البطن، واستعانوا في وصف ما سبق إلى فهمهم خلافه، فجعلوا ينقبضون منه وتشمئز نفوسهم مما يأتي به، ويتسخطونه بقلوبهم، وان اظهروا له الرضا في وجهه اكراماً لغربته فيهم، ومراعاة لحق صاحبهم أسال!.'),
(56, '2021-11-08 00:41:36', '2021-11-08 00:41:36', 13, 9, 'النوع من ضروب الاحساسات، وفنون الادراكات وأصناف الحركات، وذلك المعنى هو للجسم من حيث هو جسم، لما وجد إلا وهما له. ونحن نجد الثقيل لا توجد فيه الخفة، والخفيف لا يوجد فيه هذا الامتداد، وان الامتداد.'),
(57, '2021-11-08 00:41:36', '2021-11-08 00:41:36', 13, 8, 'المتقدم ذكرها. وكان المد يصل في ذلك الموجود الواجب الوجود، وهذا الشيء العارف، أمر رباني الهي يستحيل ولا يلحقه الفساد، ولا يوصف بشيء مما توصف به الأجسام، ولا يفسد لفسادها؛ فظهر له بهذا الاعتبار، فاعل.'),
(58, '2021-11-08 00:41:36', '2021-11-08 00:41:36', 9, 10, 'يجب عليه أن يفعلها نحو ثلاثة أغراض: أما عمل يتشبه به بالأجسام السماوية. ولما كان قد عزم عليه من التناهي في طلب العزلة والانفراد. إلى إن اتفق في بعض الأوقات فيما ورد من ألفاظ تلك الشريعة في صفة الله.'),
(59, '2021-11-08 00:41:36', '2021-11-08 00:41:36', 22, 9, 'وطلب التشبه به، ولا محالة أنه مطلوبي. لا سيما مع ما أرى له حسن الوضع، وجمال الشكل، وقلة التشتت، وقوة اللحم، وأنه محجوب بمثل هذا الحجاب الذي لم يقطع منه شيء، ولا يفضل عليه فيكون إذن مثله وهو متناه،.'),
(60, '2021-11-08 00:41:36', '2021-11-08 00:41:36', 21, 9, 'وصولها إليهم، وصف له جميع القوى الجسمانية، فانها تبطل ببطلان الجسم؛ فلا تشتاق أيضاً إلى تحسس بما يلائمه فيجذبه، وبما يخالفه فيدفعه. فتكفل له العضو الآخر بحاجته الأخرى. وكان المتكفل بالحس هو الدماغو.');

-- --------------------------------------------------------

--
-- Table structure for table `failed_jobs`
--

CREATE TABLE `failed_jobs` (
  `id` bigint(20) UNSIGNED NOT NULL,
  `uuid` varchar(255) COLLATE utf8mb4_unicode_ci NOT NULL,
  `connection` text COLLATE utf8mb4_unicode_ci NOT NULL,
  `queue` text COLLATE utf8mb4_unicode_ci NOT NULL,
  `payload` longtext COLLATE utf8mb4_unicode_ci NOT NULL,
  `exception` longtext COLLATE utf8mb4_unicode_ci NOT NULL,
  `failed_at` timestamp NOT NULL DEFAULT current_timestamp()
) ENGINE=InnoDB DEFAULT CHARSET=utf8mb4 COLLATE=utf8mb4_unicode_ci;

-- --------------------------------------------------------

--
-- Table structure for table `migrations`
--

CREATE TABLE `migrations` (
  `id` int(10) UNSIGNED NOT NULL,
  `migration` varchar(255) COLLATE utf8mb4_unicode_ci NOT NULL,
  `batch` int(11) NOT NULL
) ENGINE=InnoDB DEFAULT CHARSET=utf8mb4 COLLATE=utf8mb4_unicode_ci;

--
-- Dumping data for table `migrations`
--

INSERT INTO `migrations` (`id`, `migration`, `batch`) VALUES
(1, '2014_10_12_000000_create_users_table', 1),
(2, '2014_10_12_100000_create_password_resets_table', 1),
(3, '2019_08_19_000000_create_failed_jobs_table', 1),
(4, '2019_12_14_000001_create_personal_access_tokens_table', 1),
(5, '2021_10_31_051324_create_categories_table', 1),
(6, '2021_10_31_052220_create_posts_table', 1),
(7, '2021_10_31_052434_create_comments_table', 1),
(8, '2021_10_31_052453_create_pages_table', 1),
(9, '2021_10_31_052557_create_profiles_table', 1),
(10, '2021_10_31_052625_create_permissions_table', 1),
(11, '2021_10_31_052724_create_roles_table', 1),
(12, '2021_10_31_052803_create_permission_role_table', 1);

-- --------------------------------------------------------

--
-- Table structure for table `pages`
--

CREATE TABLE `pages` (
  `id` bigint(20) UNSIGNED NOT NULL,
  `created_at` timestamp NULL DEFAULT NULL,
  `updated_at` timestamp NULL DEFAULT NULL,
  `title` varchar(255) COLLATE utf8mb4_unicode_ci NOT NULL,
  `slug` varchar(255) COLLATE utf8mb4_unicode_ci NOT NULL,
  `content` longtext COLLATE utf8mb4_unicode_ci NOT NULL
) ENGINE=InnoDB DEFAULT CHARSET=utf8mb4 COLLATE=utf8mb4_unicode_ci;

-- --------------------------------------------------------

--
-- Table structure for table `password_resets`
--

CREATE TABLE `password_resets` (
  `email` varchar(255) COLLATE utf8mb4_unicode_ci NOT NULL,
  `token` varchar(255) COLLATE utf8mb4_unicode_ci NOT NULL,
  `created_at` timestamp NULL DEFAULT NULL
) ENGINE=InnoDB DEFAULT CHARSET=utf8mb4 COLLATE=utf8mb4_unicode_ci;

-- --------------------------------------------------------

--
-- Table structure for table `permissions`
--

CREATE TABLE `permissions` (
  `id` bigint(20) UNSIGNED NOT NULL,
  `name` varchar(255) COLLATE utf8mb4_unicode_ci NOT NULL,
  `desc` varchar(255) COLLATE utf8mb4_unicode_ci NOT NULL,
  `created_at` timestamp NULL DEFAULT NULL,
  `updated_at` timestamp NULL DEFAULT NULL
) ENGINE=InnoDB DEFAULT CHARSET=utf8mb4 COLLATE=utf8mb4_unicode_ci;

--
-- Dumping data for table `permissions`
--

INSERT INTO `permissions` (`id`, `name`, `desc`, `created_at`, `updated_at`) VALUES
(1, 'حذف المنشورات', '', NULL, NULL),
(2, 'تعديل المنشورات', '', NULL, NULL),
(3, 'حذف التعليقات', '', NULL, NULL),
(4, 'تعديل التعليقات', '', NULL, NULL),
(5, 'حذف المستخدم', '', NULL, NULL),
(6, 'تعديل بينات المستخدم', '', NULL, NULL);

-- --------------------------------------------------------

--
-- Table structure for table `permission_role`
--

CREATE TABLE `permission_role` (
  `id` bigint(20) UNSIGNED NOT NULL,
  `created_at` timestamp NULL DEFAULT NULL,
  `updated_at` timestamp NULL DEFAULT NULL,
  `role_id` int(10) UNSIGNED NOT NULL,
  `permission_id` int(10) UNSIGNED NOT NULL
) ENGINE=InnoDB DEFAULT CHARSET=utf8mb4 COLLATE=utf8mb4_unicode_ci;

--
-- Dumping data for table `permission_role`
--

INSERT INTO `permission_role` (`id`, `created_at`, `updated_at`, `role_id`, `permission_id`) VALUES
(1, NULL, NULL, 1, 2),
(2, NULL, NULL, 4, 1),
(3, NULL, NULL, 4, 2),
(4, NULL, NULL, 4, 3),
(5, NULL, NULL, 3, 2),
(6, NULL, NULL, 2, 3);

-- --------------------------------------------------------

--
-- Table structure for table `personal_access_tokens`
--

CREATE TABLE `personal_access_tokens` (
  `id` bigint(20) UNSIGNED NOT NULL,
  `tokenable_type` varchar(255) COLLATE utf8mb4_unicode_ci NOT NULL,
  `tokenable_id` bigint(20) UNSIGNED NOT NULL,
  `name` varchar(255) COLLATE utf8mb4_unicode_ci NOT NULL,
  `token` varchar(64) COLLATE utf8mb4_unicode_ci NOT NULL,
  `abilities` text COLLATE utf8mb4_unicode_ci DEFAULT NULL,
  `last_used_at` timestamp NULL DEFAULT NULL,
  `created_at` timestamp NULL DEFAULT NULL,
  `updated_at` timestamp NULL DEFAULT NULL
) ENGINE=InnoDB DEFAULT CHARSET=utf8mb4 COLLATE=utf8mb4_unicode_ci;

-- --------------------------------------------------------

--
-- Table structure for table `posts`
--

CREATE TABLE `posts` (
  `id` bigint(20) UNSIGNED NOT NULL,
  `created_at` timestamp NULL DEFAULT NULL,
  `updated_at` timestamp NULL DEFAULT NULL,
  `title` varchar(255) COLLATE utf8mb4_unicode_ci NOT NULL,
  `slug` varchar(255) COLLATE utf8mb4_unicode_ci NOT NULL,
  `body` text COLLATE utf8mb4_unicode_ci NOT NULL,
  `image_path` varchar(255) COLLATE utf8mb4_unicode_ci NOT NULL DEFAULT 'default.png',
  `approved` tinyint(1) NOT NULL DEFAULT 0,
  `user_id` bigint(20) UNSIGNED NOT NULL,
  `category_id` bigint(20) UNSIGNED NOT NULL
) ENGINE=InnoDB DEFAULT CHARSET=utf8mb4 COLLATE=utf8mb4_unicode_ci;

--
-- Dumping data for table `posts`
--

INSERT INTO `posts` (`id`, `created_at`, `updated_at`, `title`, `slug`, `body`, `image_path`, `approved`, `user_id`, `category_id`) VALUES
(1, '2021-11-07 14:45:44', '2021-11-07 14:45:44', 'وجود جسم لا نهاية.', 'esse-ea-nihil-autem-aut-alias-voluptatem-magni-ut', 'هو! غير أنه كان ينتقل إلى جميع أنواع الحيوانات، فيرى كل شخص من أشخاص الحيوان؛ وما فيه من الأمور التي تشهد بصحة ما ذكر من تجويز تولد الإنسان بتلك البقعة من غير أم ولا أب، وبها شجر يثمر نساء، وهي التي.', 'uploads/fdd846a583330cde6907bca96b3ef97a.png', 0, 8, 1),
(2, '2021-11-07 14:45:44', '2021-11-07 14:45:44', 'بها أفعال لم يكن.', 'rerum-sint-soluta-iste-iusto-iure-commodi', 'جسماً من هذه المشاهدة، بل هو صارف عنها وعائق دونها، إذ هو تصرف في الأمور المحسوسة، وأنه من جملة الجواهر السماوية التي لا تتحرك إلى جهة العلو مثل الدخان واللهيب والهواء، إذا حصل تحت الماء واما أن.', 'uploads/b1c6afd448f53e8e85c6dcef9f6b58b2.png', 0, 1, 1),
(3, '2021-11-07 14:45:44', '2021-11-07 14:45:44', 'حيث هو جسم، دون أن.', 'repellat-et-dolor-velit-quia-itaque-et-consequuntur', 'رخاء حملت السفينة في أقرب مدة. فجعل أسال يصف له شأن جزيرته وما فيها من الكثافة فلا تقبل الضوء بوجه. وهذا وحده مما برهنه الشيخ أبو علي خاصة، ولم يذكره من تقدمه، فإذا صحت هذه المقدمات، فاللازم عنها أن.', 'uploads/d00051c65e14122750e356cc6a713a8c.png', 0, 10, 1),
(4, '2021-11-07 14:45:44', '2021-11-07 14:45:44', 'فانها ليست هي ذات.', 'totam-alias-dolores-corporis-tempora', 'وأما هذا البيت الأيسر فأراه خالياً لاشيء فيه، وما أرى ذلك لباطل، فاني رأيت كل عضو من الأعضاء رئيس لا مرؤوس. وأحدهما، وهو الثاني، أتمم رئاسة من الثالث فالأول منهما لما تعلق به شوك، آو سقط على عينيه.', 'uploads/5cb182ea020190601ebd674b932abe7c.png', 0, 3, 1),
(5, '2021-11-07 14:45:44', '2021-11-07 14:45:44', 'يستطع القبض عليها.', 'repellendus-excepturi-consequatur-voluptatum-ullam', 'ما حاذاها. وقد ثبت في نفسه جنس الحيوان واحد بالحقيقة، وان كان ضرورياً، فانه عائق بذاته وان كان تابعاً للعالم الإلهي، شبيه الظل له؛ والعالم الإلهي مستغن عنه وبريء منه فانه مع ذلك قد يستحيل فرض عدمه،.', 'uploads/ffa1af98dc507e0ede6bb50c09ead380.png', 0, 7, 1),
(6, '2021-11-07 14:45:44', '2021-11-07 14:45:44', 'آلة، وبحسب الغايات.', 'eligendi-quod-reiciendis-nobis-unde-culpa-suscipit', 'جلاله. وشاهد ايضاً للفلك الذي يلي هذا، وهو فلك الكواكب الثابتة، ذاتاً بريئة عن المادة ليست شيئاً من الذوات التي شاهدها قبله ولا هي نفس الفلك، ولا هي غيرها. وكأنها صورة الشمس التي تظهر عنه بالآلات.', 'uploads/2b71cc0da9d336a3073e5fc53f854488.png', 0, 3, 1),
(7, '2021-11-07 14:45:44', '2021-11-07 14:45:44', 'له في نظره الأول.', 'unde-laboriosam-velit-rerum', 'لا تحس ولا تغتذي ولا تنمو، من الحجارة، والتراب، والماء، والهواء، واللهب، فيرى أنها أجسام مقدر لها الطول وعرض وعمق على أي شكل كان له. وانه لا كثرة فيها بوجه من الوجوه بالأجسام، ولا هو داخل فيها ولا.', 'uploads/87ac61641649a6b25450ce0bbee060d6.png', 0, 9, 1),
(8, '2021-11-07 14:45:44', '2021-11-07 14:45:44', 'وقد كان تبين له أن.', 'et-repudiandae-repellendus-iure', 'إن الشيء آما واحد واما كثير، فليتئد في غلوائه، وليكف من غرب لسانه وليتهم نفسه، وليعتبر بالعالم المحسوس الخسيس الذي هو في داخل هذا العضو، وأنا حتى الآن لم أصل إليه. فشق عليه، فألقى فيه تجويفين اثنين.', 'uploads/83b3794e76b2a17b1252dac993807f2f.png', 0, 7, 1),
(9, '2021-11-07 14:45:44', '2021-11-07 14:45:44', 'من هذين إليه في أن.', 'aut-tempora-sed-aut-tempore-inventore-molestiae', 'لامر عظيم، لم يعد له شيء من الضوء والحرارة، آم لا؟ فعمد إلى بعد الوحوش واستوثق منه كتافاً وشقه على الصفة التي شق بها الظبية حتى وصل القلب. فقصد أولاً إلى أجناس ما به من الضعف وشدة الاحتياج إلى.', 'uploads/e82c79b9ee7a9c8211ceae92ce2405d7.png', 0, 5, 1),
(10, '2021-11-07 14:45:44', '2021-11-07 14:45:44', 'الصوت ظنته ولدها.', 'consequuntur-eaque-quisquam-cupiditate', 'فعلم أن الذي سهل علينا إفشاء هذا السر وهتك الحجاب، ما ظهر في النبات شيء شبيه به، مثل تحول وجوه الزهر إلى جهة السفل، مثل الماء، وأجزاء الحيوان و النبات، وأن كل جسم فانه لا محالة جسمان ولكل واحد منهما.', 'uploads/8f04b1725357ae6b13a0fd5d7d986ffd.png', 0, 5, 1),
(11, '2021-11-07 14:45:44', '2021-11-07 14:45:44', 'وتشاهد على الدوام.', 'et-officia-reiciendis-quo-repudiandae-animi', 'الوجود. وهو يقول بقوله الذي ليس بجسم، وإذا لم يكن شيء من الحياة آل شيئا يسيراً، كما إن ذلك الاسطقس لا يستأهل من الحياة فيها وهي شبيهة بالعدم، والشيء المتقوم بصورة واحدة هي الاسطقسات الأربع - ومنها.', 'uploads/d0df29e2e0923c9f982ddf84c6b40ef4.png', 0, 6, 1),
(12, '2021-11-07 14:45:44', '2021-11-07 14:45:44', 'يفتضح أمرها وينكشف.', 'officiis-recusandae-neque-et-nisi-est', 'وما لا يمكن فسادها، أراد إن يعلم كيف يكون حالها إذا اطرح البدن وتخلت عنه، وقد كان اولع به حي بن يقظان في ذلك الموضع أشد ما يكون الشيء المدرك أتم وأبهى وأحسن، يكون الشوق أكثر؛ والتألم لفقده اعظم،.', 'uploads/06f33dfa766546e06a9ff518191d28f2.png', 0, 2, 1),
(13, '2021-11-07 14:45:44', '2021-11-07 14:45:44', 'بن يقظان في مقام.', 'enim-debitis-nisi-ullam-numquam-sapiente-magni-dolorum-assumenda', 'فيما لا يعنيهم، والإيمان بالمتشابهات والتسليم لها، والأعراض عن الحق؟ وكان رأيه هو لا يتناول أحد شيئاً إلا ما يقيم به من الضعف وشدة الاحتياج إلى الأمور المحسوسة، وأنه من جملة العالم، وكان حادثاً.', 'uploads/adef8e44422ab34a9c26881d491656c6.png', 0, 10, 1),
(14, '2021-11-07 14:45:44', '2021-11-07 14:45:44', 'هو وحده، هان عنده.', 'voluptatem-est-laboriosam-repellat-et-fugit-quo-nemo', 'وتبين له هنالك أن جميع الأعضاء إنما هي في دوام المشاهدة لهذا الموجود الواجب الوجود، وقد كان علم من ذاتها قد شعرت به، قطع ذلك على أنه هو الحيوان المعتدل الروح، الشيبة بالأجسام السماوية والاقتداء بها،.', 'uploads/1d424786f2e039f27c077e30b3dfc144.png', 0, 4, 1),
(15, '2021-11-07 14:45:44', '2021-11-07 14:45:44', 'المشرق، بعد مغيبها.', 'aspernatur-ipsum-rerum-et-fugiat-fugiat', 'حيث هو جسم، لكنه لم يتأت له قبل ذلك. وكان عليه مدرعة سوداء من الشعر والصوف، فظن إنها لباس طبيعي. فوقف يتعجب منها ملياً، ومازال يدنو منها شيئاً فشيئاً، فرأى ما للنار من الضوء الثاقب والفعل الغالب حتى.', 'uploads/ec6a1f15d3b3545df339434205f0dc67.png', 0, 10, 1),
(16, '2021-11-07 14:45:44', '2021-11-07 14:45:44', 'لم يكن اجتماعهما.', 'debitis-non-praesentium-praesentium-id-et-laborum-voluptatum', 'لا يكون إلا لمثل ذلك العضو وأزال عنه ما تقتضيه هذه القوى إن كانت لجسم يؤول إلى الفساد كالحيوان الناطق، فسدت هي واضمحلت وتلاشت، حسبما مثلث به في اليم. فصادف ذلك جري الماء بقوة المد، فاحتمله من ليلته.', 'uploads/5637ab03fffa50b89c3a1ca5ff4a7777.png', 0, 6, 1),
(17, '2021-11-07 14:45:44', '2021-11-07 14:45:44', 'هي كلها في نفسه أن.', 'dignissimos-libero-ex-nihil-odio-autem-illum', 'الفكرة في كل شخص من أشخاص الحيوانات مثل ذلك، ومتى انفصل عن الحيوان مات. ثم تحركت في نفسه بهذا الاعتبار، فاعل للصورة، ارتساماً على العموم دون تفصيل. ثم أنه تفكر: هل رأى من عدمه السلاح الطبيعي. ولما.', 'uploads/03fbd95d0b049feec107b1a84064a337.png', 0, 5, 1),
(18, '2021-11-07 14:45:44', '2021-11-07 14:45:44', 'الاغيار عندما آفاق.', 'reiciendis-delectus-sit-et-ratione-debitis-ut', 'يرى البحر قد أحدق بالجزيرة من كل بدنه الذي يدعوه إلى مفارقة مقامه ذلك، فيتخلص إلى لذته تخلصاً دائماً، ويبرأ عما يجده من الألم عند الأعراض عن مقامه ذلك إلى فساد جسمه، فيكون ذلك اعتراضاً على فاعله أشد.', 'uploads/9190e3286f42c72dede361667e05f9d7.png', 0, 6, 1),
(19, '2021-11-07 14:45:44', '2021-11-07 14:45:44', 'يكون في سبب نجاته.', 'quia-enim-eaque-vitae-impedit-facere', 'ورآها شفافة ومضيئة بعيدة عن قبول التغيير والفساد، فحدس حدساً قوياً أن لها ذوات سوى أجسامها، تعرف ذلك الموجود الواجب الوجود وحده دون شركه؛ فمتى سنح بخياله سانح سواه، طرده عن خياله جهده، ودافعه وراض.', 'uploads/8a6483f578565833f3b1ea186e8da3e1.png', 0, 9, 1),
(20, '2021-11-07 14:45:44', '2021-11-07 14:45:44', 'إذ ليس للنبات من.', 'nemo-alias-accusantium-unde-sint-perspiciatis-totam', 'يشعر، فرأى أن الواجب الوجود على الدوام، لكنها مشاهدة يخالطها شوب؛ اذ من يشاهد ذلك النحو من المشاهدة على الدوام، مشاهدة بالفعل أبداً، حتى لا يعرض عنه طرفة العين، واليه كان انبعاثي من أول. واما هذا.', 'uploads/449bb21f405a85e68ac31652b8f1ca4b.png', 0, 4, 1),
(21, '2021-11-07 14:45:44', '2021-11-07 14:45:44', 'هو الروح، الذي هو.', 'amet-eos-dolore-qui-similique-ut-facilis', 'جميع ما ورد في الشريعة من وصف العالم الإلهي، والجنة والنار، والبعث والنشور، والحشر والحساب، والميزان والصراط. ففهم حي بن يقظان فخشي إن دام على امتناعه إن يوحشه، فاقدم على ذلك بالحيوان، علم أن ذاته.', 'uploads/7b464df1c7c11976efd35229dff0a31a.png', 0, 1, 1),
(22, '2021-11-07 14:45:44', '2021-11-07 14:45:44', 'ذلك الشيء بعد إن.', 'provident-nulla-molestias-maxime-neque-mollitia', 'أخر من النظر، فتصفح جميع القوى وسجدت له وسخرت بأمر الله تعالى في طباعه من الجبن عن الفكرة في جلاله وحسن بهائه، ولم يعرض عنه حتى وافته منيته وهو على تلك الحال، فيحرم المشاهدة، وعنده الشوق إليها فيبقى.', 'uploads/9471c25d0b8acd744d1ff39844e8ec67.png', 0, 10, 1),
(23, '2021-11-07 14:45:44', '2021-11-07 14:45:44', 'إليها من ذلك إلا.', 'et-est-error-illo-temporibus-nemo-rerum-consequatur', 'الجسد؟ والى اين صار؟ ومن أي الأبواب خرج عند خروجه من الجسد؟ وما السبب الذي أزعجه إن كان ما يزال، وفصل بينه وبين ذلك المؤذي بفاصل لا يضر المؤذي، وتهده بالسقي ما أمكنه. ومتى وقع بصره على حيوان قد.', 'uploads/84bae14a79a9c7c8ad999c59630568a3.png', 0, 2, 1),
(24, '2021-11-07 14:45:44', '2021-11-07 14:45:44', 'يختلف إلا أنه ألطف.', 'similique-commodi-quia-et-dolor-totam-blanditiis-fugiat', 'على ذلك، ودأب فيه مدة طويلة، بحيث تمر عليه عدة أيام لا يتغذى فيها ولا خارج عنها، ولا متصل بها ولا منفصل عنها. وقد كان تبين له أنه كان يرى انه اذا ادخل إصبعه في أذنيه وسدها لا يسمع شيئاً حتى يزول ذلك.', 'uploads/9ea31bcef9ec149d1cd9b43a39acb7bd.png', 0, 5, 1),
(25, '2021-11-07 14:45:44', '2021-11-07 14:45:44', 'ما يصلح للشق، والى.', 'dolores-voluptatum-assumenda-dolorum-reprehenderit-ratione', 'المشاهدة، بل هو هو! فرأى إن الفساد والاضمحلال إنما هو في الجانب الواحد. فلما راها مائلة إلى جهة العلو مثل الدخان واللهيب والهواء، إذا حصل تحت الماء فحينئذً يسكن ويزول عنه ذلك الحاجب إن كان ما يزال،.', 'uploads/ea8eba4f93213d06166cf743d1cb76f6.png', 0, 10, 1),
(26, '2021-11-07 14:45:44', '2021-11-07 14:45:44', 'وهذه تختلف في قبول.', 'deserunt-eaque-labore-asperiores-voluptatem-illum-minus-placeat', 'المحتاجة إليها. ولو جاز عدمها لعدمت الأجسام فانها هي مبديها، كما انه لو جاز إن تتبعض ذات السبعين ألف وجه، في كل شيء خلقه، ثم هداه صدق الله العظيم. ثمتأمل في جميع أصناف الحيوان، كيف \"بسم الله الرحمن.', 'uploads/31b7579faff0825bd6affca08ec0d504.png', 0, 1, 1),
(27, '2021-11-07 14:45:44', '2021-11-07 14:45:44', 'العصي التي اتخذها.', 'velit-voluptatum-molestiae-soluta-culpa-voluptate-soluta', 'يختص بها عضو دون عضو - وقع في السرف واخذ فوق الكفاية. فكان سعيه على نفسه من حيث هو جسم، مركب على الحقيقة من معنين: أحدهما يقوم منه مقام الطين للكرة في هذا الرأي سبب افتراقهما. وكان أسال قد سمع عن.', 'uploads/d3617225860ad457a14e7c3efa9bf73b.png', 0, 7, 1),
(28, '2021-11-07 14:45:44', '2021-11-07 14:45:44', 'عليه بدل ما تحلل.', 'impedit-dolores-numquam-et-provident-qui', 'النبات مثل ذلك. فتبين له إن الأجسام التي كان قد وقف نظره عليها. فأول ما نظر إلى ذوات، الصور، فلم ير أنها شيء أكثر من ذلك فكان ايسر عليه من الظبية، فوقع في نفسه أنه يسكنه مدة ويرحل عنه بعد ذلك. فهو.', 'uploads/c38c880b15392eb75fbe62a9e55ba128.png', 0, 4, 1),
(29, '2021-11-07 14:45:44', '2021-11-07 14:45:44', 'غيره. وكذلك آلات.', 'sed-aliquam-praesentium-quia-alias-reprehenderit-error-minima-fugiat', 'حجاب رقيق، ممتلئة بجسم لطيف هوائي في غاية الوثاقة، والرثة مطيفة به من بين سائر أنواع الحيوانات كلها في نفسه أن لا يمتد الناقص معه ابداً، بل ينقطع دون مذهبه ويقف عن الامتدادمعه، فيكون متناهياً، فإذا.', 'uploads/3d3dc89349b6f8897df6bffad43a8782.png', 0, 8, 1),
(30, '2021-11-07 14:45:44', '2021-11-07 14:45:44', 'له أنه كان يرى انه.', 'dolores-fuga-dolorum-aliquam-tenetur-animi-ea-impedit', 'ألفاظ تلك الشريعة في صفة الله عز وجل، وملائكته، وكتبه، ورسله، واليوم الآخر، وجنته وناره، هي أمثلة هذه التي شاهدها قبلها، ولا هي سواها. ولهذه سبعون ألف وجه، لقلنا انها بعضها. ولولا إن هذه الذات صورة.', 'uploads/57582ae37f29c984119d6866e75c600e.png', 0, 3, 1),
(31, '2021-11-07 14:46:19', '2021-11-07 14:46:19', 'في مواضعه اللائقة.', 'non-consectetur-voluptatem-inventore-commodi-unde-officiis-aut', 'مرآة، على رتب مرتبة بحسب ترتيب الأفلاك. وشاهد لكل ذات من هذه فعل إلا بما يصل إليها من مرآة على مرآة، على رتب مرتبة بحسب ترتيب الأفلاك. وشاهد لكل ذات من هذه الأجسام، فيظهر له بهذا التأمل، أن جميعها.', 'uploads/36ecd694c4bb8dd7a63261a4641e2428.png', 0, 3, 2),
(32, '2021-11-07 14:46:19', '2021-11-07 14:46:19', 'وهو الذي يعبر عنه.', 'fugit-ipsa-ut-facilis-et-illum', 'عن العيان مستكن في باطن الجسد، وان ذلك العضو هو مطلوبه، فحاول هتك حجابه، وشق شغافه، فبكد واستكراه ما، قدر على ذلك، بعد استفراغ مجهوده. وجرد القلب فراه مصمتاً من كل بدنه الذي يدعوه إلى مفارقة مقامه.', 'uploads/70de86c0194e574f6b124983563e4399.png', 0, 1, 2),
(33, '2021-11-07 14:46:19', '2021-11-07 14:46:19', 'مثل لحوم الفواكه.', 'omnis-incidunt-modi-dignissimos', 'اسفل فإذا سخن أما بالنار واما بحرارة الشمس، زال عنه طلب النزول إلى اسفل السافلين. ويعود من ذي قبل، فان لحقه ضعف يقطع به عن غرضه تناول بعض الأغذية عن الشرائط المذكورة. ثم انتقل إلى شأنه من التشبه.', 'uploads/09d4cc95ddd6a7d6015e0128cd8b0208.png', 0, 5, 2),
(34, '2021-11-07 14:46:19', '2021-11-07 14:46:19', 'التي شاهدها حي بن.', 'qui-ea-qui-quod-soluta-perspiciatis-perspiciatis-dolor', 'في قبضتك جسماً من هذه الجملة، وهو النبات والحيوان، مع مشاركة الجملة المتقدمة في تلك المدة حي بن يقظان في أثره حتى التحق به - لما ضرب هذا الرسول الأمثال للناس في أكثر ما كان يتأتى له أمله من ذلك.', 'uploads/08b473d6e58ab383a05d6b47b955e937.png', 0, 7, 2),
(35, '2021-11-07 14:46:19', '2021-11-07 14:46:19', 'التي قبلها ولا هي.', 'nisi-quam-distinctio-ut-aut-iste-autem', 'عنده أحد الاعتقادين على الآخر. وذلك أنه كان يستغني عنها، وكان يقدر في رأسه مثل ذلك ويظن أنه يستغني عنه، فإذا فكر في الشيء الذي كان تشوقه اليه ابداً، مركبة من أشياء متضادة، ولذلك تؤول إلى الفساد،.', 'uploads/a74972bd0daccc1e8a23e07bdd2d4481.png', 0, 8, 2),
(36, '2021-11-07 14:46:19', '2021-11-07 14:46:19', 'الصحيحة الماخوذه.', 'minus-nihil-natus-voluptas-quas-dicta', 'حتى الآن لم أصل إليه. فشق عليه، فألقى فيه تجويفين اثنين احدهما من الجهة التي تليني والناحية التي وقع عليها حسي، فهذا لا شك فيه لأنني أدركه ببصر، وأما الجهة التي تتفق بها واحدة، ومن الجهة التي تليني.', 'uploads/ab0d9677bf9e6eeed204913a43a04542.png', 0, 1, 2),
(37, '2021-11-07 14:46:19', '2021-11-07 14:46:19', 'وعوائق. فلما تبين.', 'amet-unde-praesentium-enim-quibusdam-architecto-optio', 'يرغب إليه ويستعطفه. وقد كان لاح له من المال، واشترى ببعضه مركباً تحمله إلى تلك الأجمة. فلما أشتد الجوع بذلك الطفل، بكى واستغاث وعالج الحركة، فوقع صوته في أذن ظبية فقدت طلاها. ثم استوى عبد ما وصفه.', 'uploads/e736af5818d24dfd968d6966edae8f90.png', 0, 6, 2),
(38, '2021-11-07 14:46:19', '2021-11-07 14:46:19', 'الذي اختص به نوع.', 'doloremque-minus-et-numquam-quisquam-ullam', 'عن الظاهر قليلاً وأخذ في وصف كمال ذلك بتلك الطينة الكبيرة المتخمرة، وأنها كانت قد تهيأت لان يتخلق منها كل ما يدركه من ظاهر ذاته من الجسمانية فانها ليست هي الشمس ولا المرأة ولا غيرهما. وراى لذات ذلك.', 'uploads/a57b4ee42dca62ac4b30ee999e69f7c8.png', 0, 1, 2),
(39, '2021-11-07 14:46:19', '2021-11-07 14:46:19', 'على سبيل قرع باب.', 'dolor-et-autem-non-illum-molestiae-est-dolorem-rerum', 'فيها ويجيد الفكرة، حتى بلغ فيه الغاية. واما الضرب الثاني: فكان تشبهه بها فيه، إن كان يلازم الفكرة في كل واحد من هذه، أعضاء تخدمه. ولا يتم لشيء من الأعضاء. فبحث عن الجانب الآخر من الصدر، فوجد فيه.', 'uploads/eb924c4f3f76106e67cd48a726aa85f3.png', 0, 1, 2),
(40, '2021-11-07 14:46:19', '2021-11-07 14:46:19', 'والبسطة في العلم.', 'neque-cum-consequatur-nisi-dicta-et', 'وفي محكم التنزيل: \"بسم الله الرحمن الرحيم\" إنما أمره إذا أراد شيئاً أن يقول له كن فيكون صدق الله العظيم ففهم كلامه وسمع ندائه ولم يمنعه عن فهمه كونه لا يعرف الكلام، ولا يتكلم. واستغرق في حالته هذه.', 'uploads/0d64c30cc554de50bf1aff51bb7615ba.png', 0, 2, 2),
(41, '2021-11-07 14:46:19', '2021-11-07 14:46:19', 'أو هما لمعنى زائد.', 'quod-autem-maiores-distinctio-sit-similique-qui-et', 'بصر قلبه وانقدحت نار خطره وتطابق عنده المعقول والمنقول، وقربت عليه طرق التأويل، ولم يبق عليه مشكل في الشرع إلا تبين له، ولا مغلق إلا انفتح، ولا غامض إلا اتضح، وصار من أولى الألباب. وعند ذلك نظر إلى.', 'uploads/986e81ba0df093c20fa99de96390a20a.png', 0, 3, 2),
(42, '2021-11-07 14:46:19', '2021-11-07 14:46:19', 'الحجاب الذي لم أر.', 'voluptatem-et-voluptas-ipsam-voluptas', 'من صفات الأجسام، إذ لا يراها أولاً إلا بقوة جسمانية، ثم يكدح بأمرها بقوة جسمانية أيضاً. فاخذ في طرح ذلك كله ولم ير فيها آفة ظاهرة - وكان قد نشأ بها فتيان من أهل الفضل والخير، يسمى أحدهما أسال والآخر.', 'uploads/acf40f70dc7bc239ce890314d6baa2de.png', 0, 1, 2),
(43, '2021-11-07 14:46:19', '2021-11-07 14:46:19', 'فلا تعلق قلبك بوصف.', 'sed-architecto-quam-et-est-dolores-omnis', 'منه شيئاً فاستطابه، فاعتاد بذلك أكل اللحم، فصرف الحيلة في أخذها. وانما تفنن في هذه الأقسام الثلاثة من التشبيهات: آما التشبه الأول، إلا بقدر الضرورة، وهي الكفاية التي لا تتحرك إلى جهة الشمس، وتحرك.', 'uploads/1db374e57c3690fe3f3a38f0d5ab50d8.png', 0, 10, 2),
(44, '2021-11-07 14:46:19', '2021-11-07 14:46:19', 'انفصل عن الحيوان.', 'porro-praesentium-et-eos-doloremque-quisquam-ab-voluptatibus', 'من الانحراف، كان بعده عن أن تكون نجاتهم على يديه، حدثت له النية في الوصول إليهم، وإيضاح الحق لديهم، وتبييه لهم ففاوض في ذلك ولم يترجح عنده أحد الاعتقادين على الآخر. فإما أسال فلم يشك أنه من العباد.', 'uploads/e5d959cd36ac43bc12e8b2bdd8ed9101.png', 0, 4, 2),
(45, '2021-11-07 14:46:19', '2021-11-07 14:46:19', 'ذلك الفاعل المختار.', 'laboriosam-blanditiis-reiciendis-illum-labore-est-quis-veritatis', 'هذه المشاهدة قد غابت عنه جميع المحسوسات، وضعف الخيال وسائر القوى التي إلى الألأت الجسمانية، وقوي فعل ذاته - التي هي - بالإضافة إلى ذلك المقام بالنحو الذي طلبه أولاً حتى عاد إليه، واقتدى به أسال حتى.', 'uploads/03285fdb52e28ca130d7879ef6b20b7a.png', 0, 9, 2),
(46, '2021-11-07 14:46:19', '2021-11-07 14:46:19', 'الضررين، وتسامح في.', 'vel-culpa-est-enim-ratione-consequatur-id-illo-aut', 'انعقد فيه وصار بمنزلة سائر الأشياء الأرضية، فيظهر له بهذا التأمل، أن الروح الحيواني وأنها بذلك الشيء واحد. وكذلك كان يحكي جميع ما ورد في الشريعة من وصف العالم الإلهي، ولا تحمل ألفاظاً من المعاني على.', 'uploads/721533b3de5818e1b73277f3762c0ed0.png', 0, 9, 2),
(47, '2021-11-07 14:46:19', '2021-11-07 14:46:19', 'فعله سمعاً، وإذا.', 'iure-id-eos-alias-ipsam-aut', 'مغيبه عن تلك الجهة في بعض فعلاً متساوياً، فلا يكون فعل أحد الاسطقسات أظهر فيه، ولا خارج عنه، إذ: الاتصال، والانفصال، والدخول، هي كلمات من صفات الأجسام ولواحقها، وما يتعلق بها، ولو بعض التعلق، هو.', 'uploads/6ddfe904337c25655ceb409d0b564076.png', 0, 3, 2),
(48, '2021-11-07 14:46:19', '2021-11-07 14:46:19', 'آو نشب به ناشب، آو.', 'ad-nostrum-odit-mollitia-delectus', 'فلم يلبث إلا يسيراً حتى ذوى ذلك الورق وجف وتساقط. فما زال يتخذ غيره ويخصف بعضه ببعض طاقات مضاعفة، وربما كان ذلك المحدث الثاني أيضاً جسماً، لحتاج إلى محدث ثالث، والثالث إلى رابع، ويتسلسل ذلك إلى.', 'uploads/e7379a4b27499983f498267972d91f60.png', 0, 1, 2),
(49, '2021-11-07 14:46:19', '2021-11-07 14:46:19', 'إن جاز أن يقال لها.', 'quaerat-occaecati-et-laborum-labore-est-molestiae-ut', 'تتلاشى جميع الصور في حقها، وتبقى هي وحدها، وتحرق سبحات نورها كل ما يوصف بها دونه. وتتبع صفات النقص كلها فرآه بريئاً منها، ومنزهاً عنها؛ وكيف لا يكون إلا لمثل ذلك العضو لا يغني عنه في وقت آخر، ولو.', 'uploads/e191cced61b7eed006cbdf807a8ac7c3.png', 0, 5, 2),
(50, '2021-11-07 14:46:19', '2021-11-07 14:46:19', 'ولا أب. فمنهم من.', 'accusamus-optio-recusandae-voluptates-enim-maxime-et', 'واذا احتاج إلى غذاء تناول من ثمرات تلك الجزيرة ويسبح في أرجائها، فلا يرى بشيء منها آفة. فكان يطمع إن يعثر على موضع الآفة بها. وكان أولاً قد وقف على الفساد أجزائه مثل الماء إذا صار نباتاً، هذا هو.', 'uploads/41ef58364401883f60b98425fba52151.png', 0, 6, 2),
(51, '2021-11-07 14:46:19', '2021-11-07 14:46:19', 'التزام حدود الشرع.', 'nesciunt-sed-suscipit-iusto-qui', 'من أمر الله عز وجل؛ ويعظمه ويقدسه؛ ويفكر في اسمائه الحسنى وصفاته العليا؛ فلا ينقطع خاطره؛ ولا تتكدر فكرته. واذا احتاج إلى غذاء تناول من ثمرات تلك الجزيرة تخمرت فيه طينه على مر السنين والأعوام، حتى.', 'uploads/71407daab01221c73cac389c1eef8117.png', 0, 3, 2),
(52, '2021-11-07 14:46:19', '2021-11-07 14:46:19', 'التي هي عنده تارةً.', 'deserunt-eum-omnis-quia-ut-consectetur-consequatur-vel', 'أصل إليه. فشق عليه، فألقى فيه تجويفين اثنين احدهما من الجهة الأخرى مثل ما لحقت الكثرة للحيوان والنبات. ثم ينظر إلى الأجسام التي كانت أرضعته وربته: فانها لم تفارقه ولا فارقها، إلى أن تم له حولان،.', 'uploads/8e5f7cbdb63f5dd2694112eea0c5468d.png', 0, 1, 2),
(53, '2021-11-07 14:46:19', '2021-11-07 14:46:19', 'فله أن يأخذ قبساً.', 'quia-perferendis-quo-saepe-voluptas', 'أن سعادته وفوزه من الشقاء، إنما هي من جهة المشرق، وتغرب من جهة الابتداء، إذ لم يسبقها سكون يكون مبدؤها منه، وكل حركة فلابد لها من العدو وقوة البطش، وما لها من جهة الزمان، ولم يسبقها العدم قط، فانها.', 'uploads/9849b6cedfbda0e4a90ae1b8cebe1a09.png', 0, 1, 2),
(54, '2021-11-07 14:46:19', '2021-11-07 14:46:19', 'عنها أفعال ما خاصة.', 'alias-voluptatibus-saepe-officia-dolorem-quia-et', 'فكان أشد غوصاً على الباطن، وأكثر عثوراً على المعاني الروحانية واطمع في التأويل. واما سلامان صاحبه فكان أكثر احتفاظاً بالظاهر، وأشد بعداً عن التأويل، وأوقف عن التصرف والتأمل؛ وكلاهما مجد في الأعمال.', 'uploads/00dd8a3b7ef458bdfee2af80d7b90ba2.png', 0, 6, 2),
(55, '2021-11-07 14:46:19', '2021-11-07 14:46:19', 'لا سبيل إلى خطورة.', 'ab-ab-ducimus-et-molestiae-dolores-saepe-facere-incidunt', 'وتتضاعف بتضاعفه، مثل الثقل بالحجر مثلاً. المحرك إلى الأسفل. وفريق من هذه القوى إن كانت كلها موجودة فينبغي له حينئذ إن يتثبت ويتخير منها ما يكون الشيء المدرك أتم وأبهى وأحسن، يكون الشوق أكثر؛ والتألم.', 'uploads/febcf0fb669474ba5fd3af8cf0071069.png', 0, 8, 2),
(56, '2021-11-07 14:46:19', '2021-11-07 14:46:19', 'قدر ما. ثم إن تلك.', 'eaque-et-ea-reiciendis-consectetur-qui', 'أزمع على اعتقاد القدم، اعترضه عوارض كثيرة، من الكمال واللذة، مثل الذي رآه لما قبلها. وكأن هذه الذات صورة الشمس التي تظهر عنه بالآلات الحيوانية والنباتية لا غير، فان الحرارة تتبع الضوء أبداً: حتى إن.', 'uploads/2bee2f8bdac1c8c7f17c2430be40f368.png', 0, 2, 2),
(57, '2021-11-07 14:46:19', '2021-11-07 14:46:19', 'من الذوات التي في.', 'et-deleniti-quasi-quidem-ipsam', 'بأمرها بقوة جسمانية أيضاً. فاخذ في طرح ذلك كله عنه. وما زال يمعن في هذا النوع من النظر. ثم كان ينظر إلى جنس النبات كله، فيحكم باتحاده بحسب ما تصلح له كل آلة، وبحسب الغايات التي تلتمس بذلك التصرف.', 'uploads/ba7b421d4b90eeeff7ef65bf66372948.png', 0, 4, 2),
(58, '2021-11-07 14:46:19', '2021-11-07 14:46:19', 'من تحت الماء واما.', 'sed-dolorem-optio-laborum-facilis-illo-a-dolor-sit', 'ولا أب، ومنهم من أنكر ذلك وروى من أمره خبراً نقصه عليك، فقال: انه كان بازاء تلك القرارة نفاخة أخرى منقسمة إلى ثلاث قرارت بينهما حجب لطيفة، ومسالك نافذة، وامتلأت بمثل ذلك الهوائي الذي امتلأت منه.', 'uploads/3d6b3b3533ff0f580d52f83a4b454206.png', 0, 5, 2),
(59, '2021-11-07 14:46:19', '2021-11-07 14:46:19', 'قوى سارية في جسم.', 'qui-quis-consequatur-et-amet-ratione-expedita', 'من عالم الحس، جعل يطلب هذا الفاعل تبين له الوجه الذي اختص به من ضروب الاحساسات، وفنون الادراكات وأصناف الحركات، وذلك المعنى هو صورته وفضله الذي انفصل به عن الأخر زائد على الجسمية؟ فظهر له أنهما.', 'uploads/6676366a0ab1476fc3313e160b090c7e.png', 0, 1, 2),
(60, '2021-11-07 14:46:19', '2021-11-07 14:46:19', 'حيث البدن المظلم.', 'et-rem-omnis-modi-consequatur-itaque-et-et', 'أخر تحمل على المعاشرة وملازمة الجماعة. فتعلق أسال بطلب العزلة، ورجح القول فيها لما كان في الأشياء شيء لا نهاية له أمر باطل، وشيء لا يمكن، ومعنى لا يعقل، وتقوى هذا الحكم عنده بحجج كثيرة، سنحت له بينه.', 'uploads/33c62d951e6d8c2ff113fc7989368e24.png', 0, 2, 2),
(61, '2021-11-07 14:46:56', '2021-11-07 14:46:56', 'التركيب، لقلة ما.', 'numquam-id-voluptatum-necessitatibus-sequi-suscipit-ad', 'حدث له شوق حثيث إلى معرفته على التفصيل، ولانه لم يكن فيه إلى الحياة الدنيا، واشتد شوقه إلى الحياة القصوى، فجعل يطلب كيف يتشبه به بالموجود الواجب الوجود، ثم تكر عليه القوى الجسمانية من الأمور التي.', 'uploads/50227e9eaa7332c24a33c5cc39676636.png', 0, 4, 3),
(62, '2021-11-07 14:46:56', '2021-11-07 14:46:56', 'عن التابوت لوح من.', 'enim-dolore-nesciunt-consequatur-est', 'يلفظ به خطر. فأقول: انه لما عاد إلى مثل حاله الأول؟ فلم يجد ذلك في ظنه، ما كان من هذه المركبات لا تغلب عليه طبيعة أسطقس واحد، فلقوته فيه يغلب طبائع الاسطقسات الباقية، ويبطل قواها، ويصير ذلك المركب.', 'uploads/ca8df722eebbdd367f0e13bd49854c06.png', 0, 4, 3),
(63, '2021-11-07 14:46:56', '2021-11-07 14:46:56', 'هذين الضربين. آما.', 'culpa-modi-eum-rerum-aut', 'ولا هم يحزنون. فالتزم خدمته والاقتداء به بإشارته فيما تعارض عنده من الأعمال الظاهرة؛ فتلقى ذلك والتزمه، وأخذ نفسه بأدائه امتثالاً للآمر الذي صح عنده صدق قوله. إلا انه أبقى منها بقايا كثيرة: كحركة.', 'uploads/b73b6703c3bd4a28434f911b487dff6a.png', 0, 10, 3),
(64, '2021-11-07 14:46:56', '2021-11-07 14:46:56', 'القلب، ولا الروح.', 'rerum-impedit-ullam-sunt-in-sed', 'لها، والأعراض عن آمر الله فلم يتأت له بالحس وجود جسم لا نهاية لهما. وقد تبين فيها أيضاً إن الأجسام التي كان ينظر إلى الأجسام السماوية. وقد كان له لو أمكن أن يتزايد الحجر إلى غير نهاية ولا ينقص.', 'uploads/9f9d42f3232baaa0e76803ad4920cc34.png', 0, 10, 3),
(65, '2021-11-07 14:46:56', '2021-11-07 14:46:56', 'وجدناها قوة تفعل.', 'voluptas-laborum-omnis-veritatis-quam-magni-et-ducimus', 'ومن حينه، فينتقل بفكره على الفور إلى الصانع ويترك المصنوع، حتى اشتد شوقه إليه، وانزعج قلبه بالكلية عن العالم الأدنى المحسوس، وتعلق بالعالم الأرفع المعقول. فلما حصل له هذا العالم، وبأي قوة أدرك هذا.', 'uploads/a675bc1f7a6cc59fedbd433f8e0a00df.png', 0, 7, 3),
(66, '2021-11-07 14:46:56', '2021-11-07 14:46:56', 'مثل الحجر النازل.', 'architecto-pariatur-maiores-et-totam-culpa-eos', 'هديهم، وأوصاهم بملازمة ما هم عليه من البلادة والنقص، وسوء الرأي وضعف العزم، وأنهم كالأنعام بل هم أضل سبيلاً. فلما اشتد شغفه بها لما رأى من أحسن آثارها وقوة اقتدارها، وقع في خاطرة أن الآفة التي نزلت.', 'uploads/2c75ee9c85e3d413df01b1da22fbbf1d.png', 0, 10, 3),
(67, '2021-11-07 14:46:56', '2021-11-07 14:46:56', 'وكذلك كان يرى أن.', 'blanditiis-iste-qui-ipsa-aut-alias-omnis-minima', 'أو قليلة، إلا ذات الحق، وان الشيء الذي يختص به عضو دون أخر، وأنا ليس مطلوبي شيئاً بهذه الصفة وحدها، حتى لا يكون إلا لمثل ذلك العضو وطمع بأنه إذا تجاوزه ألفى مطلوبه فحاول شقه، فصعب عليه، لعدم الآلات،.', 'uploads/255008665f23d26601044739ae60dde9.png', 0, 5, 3),
(68, '2021-11-07 14:46:56', '2021-11-07 14:46:56', 'كان يحكي جميع ما.', 'ex-odit-accusantium-nihil-illo-sequi-tempora', 'وصار إلى حالة الموت، فانتهى به إلى هذا الحد، على رأس خمسة أسابيع من منشئه، وذلك ثمانية وعشرون عاماً. فعلم إن ذلك لا يصدر إلا عن فاعل مختار في غاية الكمال وفوق الكمال \"بسم الله الرحمن الرحيم\" لا يغرب.', 'uploads/4f4899e2f311d13fd13cc39044c662ac.png', 0, 4, 3),
(69, '2021-11-07 14:46:56', '2021-11-07 14:46:56', 'ألفاظ تلك الشريعة.', 'et-et-dolor-corporis-minima-autem-sequi', 'في الوسط في طوله. فمازال يفتش في وسط الصدر حتى ألفى القلب وهو مجلل بغشاء في غاية الوثاقة، والرثة مطيفة به من الرمق؛ واما الأموال فلم تكن لها عنده معنى. وكان يرى الماء يصير بخاراً والبخار ماء،.', 'uploads/b2907f1bdf58a9ab4c609ff3ebfe119c.png', 0, 3, 3),
(70, '2021-11-07 14:46:56', '2021-11-07 14:46:56', 'هذا أعظم من الآفة.', 'non-vitae-fugit-aut-voluptatem', 'ويعالج أفهامه فلا يستطيع، وحي بن يقظان في ذلك الشيء الذي أدرك به الموجود المطلق الواجب الوجود. فالتشبه الأول: يجب عليه أن يسعى في تحصيل غذائها، ومقتضى شهواتها من المطعوم والمشروب والمنكوح،.', 'uploads/8263851dd3fa64de5552b9402aef611e.png', 0, 4, 3),
(71, '2021-11-07 14:46:56', '2021-11-07 14:46:56', 'حالة الموت، فانتهى.', 'reprehenderit-perspiciatis-et-quae-id-possimus-ad', 'أنفه. فاعتقد من اجل ذلك إن جميع ماله من الادراكات و الأفعال قد تكون لها عوائق تعوقها، فإذا أزيلت العوائق عادت الأفعال. فلما نظر إليه أسال وهو مكتس بجلود الحيوان ذوات الاوبار؛ وشعره قد طال حتى جلل.', 'uploads/4568386d878c23c25e5c7a5c59ba172c.png', 0, 3, 3),
(72, '2021-11-07 14:46:56', '2021-11-07 14:46:56', 'تنتشر بتلك الجزيرة.', 'nam-eos-pariatur-sit-tempore-molestias-consequatur-labore', 'ومتحركة بالاستدارة بعضها على مركز غيرها. والضرب الثالث: أوصاف لها في ذاتها، مثل كونها شفافة وناصعة وطاهرة منزهة عن الكدر وضروب الرجس، ومتحركة بالاستدارة بعضها على مركز غيرها. والضرب الثالث: أوصاف.', 'uploads/27290611dea46a6d5a88c2aad32df015.png', 0, 9, 3),
(73, '2021-11-07 14:46:56', '2021-11-07 14:46:56', 'بالأجسام، ولا هو.', 'perferendis-iusto-quam-laborum-animi-odit', 'منتظمة الحركات، جارية على نسق؛ ورآها شفافة ومضيئة بعيدة عن قبول التغيير والفساد، فحدس حدساً قوياً أن لها شيئاً واحداً تشترك فيه، وهو معنى الامتداد يشبه الصورة التي لسائر الأجسام ذوات الصور. وهذا.', 'uploads/d9257ced37275461edd0e8becfb0f47d.png', 0, 10, 3),
(74, '2021-11-07 14:46:56', '2021-11-07 14:46:56', 'رآه أيضاً من أنها.', 'eum-maiores-voluptatem-quo-autem-commodi', 'أسفاً عليها. فكان يناديها بالصوت الذي كانت عادتها أن تجيبه عند سماعه، ويصيح بأشد ما يقدر عليه، فلا لها عند ذلك حركة ولا تغييراً. فكان ينظر إليه بذاته مجرداً عن هذه الصفة، فهو جسم؛ فهي إذن كلها.', 'uploads/c54c980aeae3f3aa8531c801e46be635.png', 0, 7, 3),
(75, '2021-11-07 14:46:56', '2021-11-07 14:46:56', 'فلم ير شيئاً أنجع.', 'vel-ad-eum-molestiae-quam-modi-ea-ea', 'كانت كلها موجودة فينبغي له حينئذ إن يتثبت ويتخير منها ما تتقوم حقيقتها أكثر من ذلك الفريق، مع أنها تشارك الفريق في الصورة الأولى والثانية، تزيد عليه بصوره ثالثة، تصدر عنها الحركة إلى الأسفل، ما لم.', 'uploads/7fa784c1f357daafc9e8a869f39e362e.png', 0, 6, 3),
(76, '2021-11-07 14:46:56', '2021-11-07 14:46:56', 'بعض في بحر لجي وان.', 'maiores-tempore-hic-et-non-praesentium-voluptatibus-voluptate', 'وعلى سمعهم وعلى أبصارهم غشاوةً ولهم عذاب عظيم. فلما رأى أن يده إليها، وأراد أن يأخذ قبساً لم تستول النار على جميعه، فأخذ بطرفه السليم والنار في طرفه الآخر، فتاتي له بذلك أنها لم تشعر بذلك الموجود.', 'uploads/c480129cafe160847f8e6e14c2a3045d.png', 0, 5, 3),
(77, '2021-11-07 14:46:56', '2021-11-07 14:46:56', 'وقد انعكست إليها.', 'sint-autem-dolor-et', 'العليا؛ فلا ينقطع خاطره؛ ولا تتكدر فكرته. واذا احتاج إلى غذاء تناول من ثمرات تلك الجزيرة ويسبح في أرجائها، فلا يرى بها آفة ظاهرة، وكذلك كان ينظر إلى أشخاص الظباء كلها، فيراها على شكل مخصوص، حدث فيها.', 'uploads/3a0d16753728d75268402e31b4c9c98d.png', 0, 5, 3),
(78, '2021-11-07 14:46:56', '2021-11-07 14:46:56', 'أن أمه التي عطفت.', 'ullam-et-beatae-exercitationem-ullam-voluptas-dolor', 'زماننا من أراء فاسده نبغت بها متفلسفة العصر وصرحت بها، حتى انتشرت في البلدان وعما ضررها وخشينا على الضعفاء الذين اطرحوا تقليد الأنبياء صلوات الله عليهم. وكانت ملة محاكية لجميع الموجودات الحقيقية.', 'uploads/16b451ed5c8879d70c90622d81f3da44.png', 0, 8, 3),
(79, '2021-11-07 14:46:56', '2021-11-07 14:46:56', 'انه إن أمكنه هو إن.', 'harum-minima-error-nemo-sequi-est', 'أنواع الحيوان والنبات والرحمة لها، والاهتمام بإزالة عوائقها. فان هذه أيضاً من معنى الجسمية، وان ذلك العضو وطمع بأنه إذا تجاوزه ألفى مطلوبه فحاول شقه، فصعب عليه، لعدم الآلات، ولأنها لم تكن قديمة، وهو.', 'uploads/5fbbf4147ec14c73a08311f6160f624b.png', 0, 10, 3),
(80, '2021-11-07 14:46:56', '2021-11-07 14:46:56', 'يصرفها الفاعل ولا.', 'delectus-voluptatem-voluptates-quasi-rem', 'أعمال الشرع يتزين به أو جاه يحرزه أو عمل من أعمال الشرع يتزين به أو يدافع عن رقبته، وهي كلها ظلمات بعضها فوق بعض في بحر لجي وان منكم إلا واردها كان على ربك حتماً مقضياً. فلما فهم أحوال الناس وان.', 'uploads/a210b91b1672a0815a71dbb0c4154796.png', 0, 3, 3),
(81, '2021-11-07 14:46:56', '2021-11-07 14:46:56', 'وامتلأت بمثل ذلك.', 'atque-quis-enim-porro-ducimus-delectus', 'الفور. فصح عنده أن هذه الأفعال هي أخص أفعال الروح الحيواني، الذي كان يأوي إليه - وكان قد خلا في جحر استحسنه للسكنى قبل ذلك. ثم مازال يمد تلك النار بالحشيش والحطب الجزل، ويتعهدهاً ليلاً ونهاراً.', 'uploads/eb9da24a93cc821d39acfd9c55627fc1.png', 0, 3, 3),
(82, '2021-11-07 14:46:56', '2021-11-07 14:46:56', 'حالة الموت، فانتهى.', 'commodi-quasi-illum-voluptas-atque-ea-ratione-officia', 'واحد في الحقيقة، بل ليس ثم شيء إلا فيه، وذهل عما كان فيه اختلاف يسير، اختص به نوع دون نوع: بمنزلة ماء واحد، أو شراب واحد، يفرق على أوان كثيرة، ثم يجمع بعد ذلك. فاقتصر على الفكرة في كل شخص من أشخاص.', 'uploads/6484e4685e0fa5af3dc713f3fa034b1a.png', 0, 1, 3),
(83, '2021-11-07 14:46:56', '2021-11-07 14:46:56', 'والفساد، المنزهة.', 'eligendi-nisi-eum-excepturi-provident-voluptatem-est-minus', 'وجمال الشكل، وقلة التشتت، وقوة اللحم، وأنه محجوب بمثل هذا العضو في صدره لانه كان يعترض سائراً اعضائه كاليد، والرجل، والأذن، والانف، والعين، ويقدر مفارقتها، فيتاى له أنه كله كشخص واحد في الحقيقة،.', 'uploads/9b08fbe0a3c3e24a3ac446b35eb01a4a.png', 0, 2, 3),
(84, '2021-11-07 14:46:56', '2021-11-07 14:46:56', 'مدة ويرحل عنه بعد.', 'neque-nobis-omnis-ab-aliquam-velit-corporis-nihil-non', 'فوق الكفاية. فكان سعيه على نفسه من شدة الحرارة عند صدره، بازاء الموضع الذي كان تشوقه اليه ابداً، مركبة من أشياء متضادة، ولذلك تؤول إلى الفساد، وانه لا يوجد في كتاب ولا يسمع في معتاد خطاب، وهو من.', 'uploads/91af9fcd2f58a6305f71138ba57a6e9c.png', 0, 2, 3),
(85, '2021-11-07 14:46:56', '2021-11-07 14:46:56', 'الحيواني مما يقيه.', 'ea-ut-ut-laudantium-assumenda-aliquid', 'الله تبديلاً صدق الله العظيم. وراى أيضاً انه إن اعتقد حدوث العالم خروجه إلى الوجود بعد العدم، فاللازم عن ذلك ضرورة، انه لا يتكلم، آمن من غلوائه على دينه، ورجا أن يعلمه الكلام والعلم والدين، فيكون له.', 'uploads/8f238e648be06e8abc01d685339f6a02.png', 0, 1, 3),
(86, '2021-11-07 14:46:56', '2021-11-07 14:46:56', 'قليلاً قليلاً حتى.', 'molestiae-accusantium-cupiditate-itaque', 'فرأها كلها تتكون تارة وتفسد أخرى، وما لم يقف على حقيقة شأنه، ولا يبقي في نفسه أنه لو أخذ حيواناً حياً وشق قلبه ونظر إلى ذلك المقام الكريم فلا تلتمس الزيادة عليه من البلادة والنقص، وسوء الرأي وضعف.', 'uploads/931f59d654f7c61f092502df272b9e03.png', 0, 4, 3),
(87, '2021-11-07 14:46:56', '2021-11-07 14:46:56', 'بعضها فوق بعض في.', 'blanditiis-molestiae-cum-qui-nihil-doloribus-repellat-tempora', 'بريئة عن المادة أيضاً، ليست هي شيئاً من أفعالي، فهذا بيت ليس فيه مطلوبي. وأما هذا البيت على ما أودعه هذه الاوراق فان المجال ضيق، والتحكم بالألفاظ على آمر ليس من شأنه أن يلفظ به خطر. فأقول: انه لما.', 'uploads/61866563fa993495bd482599c1f5c0da.png', 0, 8, 3),
(88, '2021-11-07 14:46:56', '2021-11-07 14:46:56', 'فكان بهذا الطريق.', 'et-iure-magnam-reiciendis-neque-officia', 'لا تختلف إلا بحسب اختلاف أفعالها، أن ذلك البدن لم يخلق له عبثاً ولا قرن به لامر باطل، ويجب عليه أن يسعى في تحصيل صفاته لنفسه من أي وجه أمكن، وان يتخلق بأخلاقه ويقتدي بأفعاله، ويجد في تنفيذ إرادته،.', 'uploads/23df81fa2544f92880eacb7c83dd58c3.png', 0, 9, 3),
(89, '2021-11-07 14:46:56', '2021-11-07 14:46:56', 'حادثة، وأنها لا بد.', 'odit-voluptatem-quo-dignissimos-omnis-perferendis-sed-qui-similique', 'الأول، إلا بقدر الضرورة، وهي الكفاية التي لا يغذو منها إلا به فهو إذن علة لها، وهي معلومة له، سواء كانت محدثة الوجود، بعد أن أروته من الرضاع؛ وخرجت به في أول الليل في جملة ما القى فيها على سبيل.', 'uploads/9495b59a44f9e65076fea3807e1cae5c.png', 0, 1, 3),
(90, '2021-11-07 14:46:56', '2021-11-07 14:46:56', 'لا تجويف فيها إلا.', 'voluptas-tempora-velit-sit-quos-omnis', 'فعله لمساً، وإذا عمل بالجلد واللحم كان فعله سمعاً، وإذا عمل بالكبد كان فعله لمساً، وإذا عمل بالعضد كان فعله لمساً، وإذا عمل بالجلد واللحم كان فعله حركه، وإذا عمل بالكبد كان فعله شماً، وإذا عمل بالة.', 'uploads/912e7dd4f2a3b9ea21f7a92f7243884a.png', 0, 4, 3),
(91, '2021-11-07 14:47:45', '2021-11-07 14:47:45', 'ولا تتحرك إلا حركة.', 'dolorem-deserunt-enim-consectetur-iure-beatae', 'به في اليم. فصادف ذلك جري الماء بقوة المد، فاحتمله من ليلته إلى ساحل البحر، وقلبها يحترق صبابةً به، وخوفاً عليه، ثم إنها حملت منه ووضعت طفلاً. فلما خافت أن يفتضح أمرها وينكشف سرها، وضعته في تابوت.', 'uploads/471f9c906f4d00817ae2094fb50cc38d.png', 0, 10, 4),
(92, '2021-11-07 14:47:45', '2021-11-07 14:47:45', 'مؤمن. وأما من طغى.', 'et-aut-voluptatem-qui-et-illo', 'شهوة يقضيها أو غيطاً يتشفه به أو يدافع عن رقبته، وهي كلها ظلمات بعضها فوق بعض في بحر لجي وان منكم إلا واردها كان على ربك حتماً مقضياً. فلما فهم أحوال الناس وان أكثرهم بمنزلة الحيوان غير الناطق علم.', 'uploads/c91ddec97f1dea49c0594846b02b49f1.png', 0, 10, 4),
(93, '2021-11-07 14:47:45', '2021-11-07 14:47:45', 'هذا التشبه الثالث،.', 'cumque-voluptates-veniam-nam-facilis-sit', 'مغارته مطرقاً، غاضاً بصره، معرضاً عن جميع المحسوسات والقوى الجسمانية، وجميع القوى المفارقة للمواد، والتي هي الذوات العارفه بالموجود الحق؛ وغابت ذاته في جملة ما لاح له من ذلك، أن الروح الحيواني الذي.', 'uploads/2548b5e345799152187f313c26a3fd02.png', 0, 6, 4),
(94, '2021-11-07 14:47:45', '2021-11-07 14:47:45', 'إذن علة لها، وهي.', 'totam-a-cupiditate-ullam', 'إلا دماً كسائر الدماء - وأنا أرى أن هذا الدم موجود في سائر العام ستة أشهر جنوباً منهم، وستة أشهر شمالاً منهم: فليس عندهم حر مفرط، ولا برد مفرط. وأحوالهم بسبب ذلك متشابهة. وهذا القول يحتاج إلى بيان.', 'uploads/7ba2c1176712a016cc9ed67c66732d3a.png', 0, 1, 4),
(95, '2021-11-07 14:47:45', '2021-11-07 14:47:45', 'من ذلك إلا نبوأً.', 'eos-perferendis-dolor-adipisci', 'إلى بعد الوحوش واستوثق منه كتافاً وشقه على الصفة التي شق بها الظبية حتى وصل القلب. فقصد أولاً إلى الشمس والقمر وسائر الكواكب، فرأها كلها تتكون تارة وتفسد أخرى، وما لم يقف على فساد جملته، وقف على.', 'uploads/df8abe89b3560202a0b02b200c3340f8.png', 0, 3, 4),
(96, '2021-11-07 14:47:45', '2021-11-07 14:47:45', 'الواجب الوجود الذي.', 'iure-nesciunt-consectetur-corporis-consequatur-ad-explicabo-alias', 'هو في ذاته غني عنها وبريء منها؟ وكذلك في أمر الثواب والعقاب! والآمر الآخر - لم اقتصر على هذه الفرائض ووظائف العبادات وأباح الاقتناء للأموال والتوسع في المأكل، حتى بفرغ الناس بالاشتغال بالباطل،.', 'uploads/c360c03ffd89bc30dd04208329b89647.png', 0, 1, 4),
(97, '2021-11-07 14:47:45', '2021-11-07 14:47:45', 'يلقيه في موضع لا.', 'corporis-distinctio-culpa-velit-excepturi-cumque', 'وراها في ألام لا نهاية لها، وغبطة لا غاية لها ورائها، وبهجة وسرور لا نهاية لكماله، ولا غاية لحسنه وجماله وبهائه، وهو فوق الكمال والبهاء والجمال، وليس في الوجود إلا الواحد الحق الموجود الثابت الوجود.', 'uploads/aacf361a6b3c8f35d21cfc1931a9117f.png', 0, 7, 4),
(98, '2021-11-07 14:47:45', '2021-11-07 14:47:45', 'في شريعته من أمر.', 'quos-et-occaecati-neque-facere-quia-totam', 'إن تلك الكرة بعينها لو أخذت وردت إلى شكل مكعب أو بيض، لتبدل ذلك الطول وذلك العرض وذلك العمق، وصارت على قدر ما. ثم إن تلك الكرة بعينها لو أخذت وردت إلى شكل مكعب أو بيض، لتبدل ذلك الطول وذلك العرض.', 'uploads/e3dbba56e51ad7f91f2f812d497c9fed.png', 0, 1, 4),
(99, '2021-11-07 14:47:45', '2021-11-07 14:47:45', 'التي كان قد أساء.', 'qui-in-quas-repellat-et-eius-harum', 'جسم. وكل قوى سارية في جسم من الأجسام لكان من جملة الجواهر السماوية التي لا يغذو منها إلا به فهو إذن علة لها، وهي معلومة له، سواء كانت من صورة الإنسان أو لم تكن. واما إن يكون خلواً من المعاني التي.', 'uploads/fbe5da6d6109e15d311818f1d98bae8c.png', 0, 7, 4),
(100, '2021-11-07 14:47:45', '2021-11-07 14:47:45', 'إلا مركباً من هذين.', 'repellat-explicabo-iusto-voluptatem-commodi-nesciunt', 'الحيوان من أصناف الفضول والرطوبات، التي كثيراً ما يتكون فيها أيضاً إن الأجسام التي لا ضد لصورته، فيشبه لذلك هذه الأجسام التي كانت فكرته أبداً فيها، فرأها كلها تطلع من جهة صورته التي هي أقل الأجسام.', 'uploads/b56419865067fc207cd6e83ae0f9d2f3.png', 0, 3, 4),
(101, '2021-11-07 14:47:45', '2021-11-07 14:47:45', 'ودفئاً ومهابة في.', 'delectus-a-nemo-et-explicabo-tempore-sit', 'بيضه، والشرط عليه من الحيوان إن يأخذ من هذه الذوات من القبح والنقص ما لم يعقها عائق عن النزول: ومتى تحركت إلى جهة العلو مثل الدخان واللهيب والهواء، إذا حصل تحت الماء طلب الصعود وتحامل على من يمسكه.', 'uploads/9f3ce69d4cfe9288371ef0c5c0e1c02a.png', 0, 10, 4),
(102, '2021-11-07 14:47:45', '2021-11-07 14:47:45', 'منها. ووجد ما تدعو.', 'placeat-voluptates-voluptatum-laborum-et-qui-molestiae-natus', 'حاذاها. وقد ثبت في نفسه هو نزوع إليه، وينصرف بعد ذلك حتى سدت مدخل الماء إلى تلك الأجمة. فلما أشتد الجوع بذلك الطفل، بكى واستغاث وعالج الحركة، فوقع صوته في أذن ظبية فقدت طلاها، خرج من كناسه فحمله.', 'uploads/987785a257f19b2466e368142f6f7995.png', 0, 4, 4),
(103, '2021-11-07 14:47:45', '2021-11-07 14:47:45', 'وضعغت، فكان يرتاد.', 'asperiores-nulla-quo-ut-pariatur-consequatur-voluptatem', 'الأرض بعضها ابسط من بعض، فقصد منها إلى ابسط ما قدر عليه وكذلك رأى إن أجزاء الأرض بعضها ابسط من بعض، فقصد منها إلى ابسط ما قدر عليه وكذلك رأى إن الواجب عليه أن يفعلها نحو ثلاثة أغراض: أما عمل يتشبه.', 'uploads/67f00211c8ffe09e0652c5041757647f.png', 0, 5, 4),
(104, '2021-11-07 14:47:45', '2021-11-07 14:47:45', 'الخيالات، أو يناله.', 'voluptas-non-magni-accusamus-ut-dignissimos', 'الشيء ينبغي إن يكون سبباً في فساد حاله وعائقاً بينه وبين ذلك المؤذي بفاصل لا يضر المؤذي، وتهده بالسقي ما أمكنه. ومتى وقع بصره على شيء من أصناف الحيوانات البحرية - كان قد أمله. وطمع أسال أيضاً أن ذلك.', 'uploads/7d2064b7fecec976a21ebd16959f07cb.png', 0, 4, 4),
(105, '2021-11-07 14:47:45', '2021-11-07 14:47:45', 'للأجسام السماوية.', 'qui-voluptatum-distinctio-est-iusto-ullam-harum-tempore-esse', 'التركيب، لقلة ما يصدر عن صورته من أفعال، وكذلك راى النار والهواء. وكان قد سبق إلى فهمهم خلافه، فجعلوا ينقبضون منه وتشمئز نفوسهم مما يأتي به، ويتسخطونه بقلوبهم، وان اظهروا له الرضا في وجهه اكراماً.', 'uploads/faba48d2001a135f631662abe8208eab.png', 0, 8, 4),
(106, '2021-11-07 14:47:45', '2021-11-07 14:47:45', 'ولما رأى أن الساكن.', 'qui-sapiente-quia-harum', 'بها أولاً فيكون سعيه عليها. ثم أنه نظر بالوجه الذي يتأتى له الأقدام على ذلك البزر، بان لا يأكله ولا يفسده ولا يلقيه في موضع لا يصلح للنبات، مثل الصفاة والسبخة ونحوهما. فان تعذر عليه وجود مثل هذه.', 'uploads/58aa092ea49b48745997cdefabb676a2.png', 0, 5, 4),
(107, '2021-11-07 14:47:45', '2021-11-07 14:47:45', 'في نفسه أن العضو.', 'quisquam-quo-reiciendis-itaque-temporibus-nobis', 'عن صورة له تخصه هي زائدة عن معنى الصورة المشتركة له ولسائر الحيوان، وكذلك لكل واحد من هذه الأجسام مختلطة مركبة من معنى الجسمية، وبعضها من معان كثيرة، زائدة على معنى الجسمية التي لسائر الأجسام ذوات.', 'uploads/263de11061567c2333ea3986a7c246ec.png', 0, 7, 4),
(108, '2021-11-07 14:47:45', '2021-11-07 14:47:45', 'بالعدم. فلما حكم.', 'esse-exercitationem-velit-aliquid', 'يصل إليه متى شاء، ولا ينفصل عنه إلا ويزيلها. فمتى وقع بصره على حيوان قد أرهقه سبع آو نشب به ناشب، آو تعلق به الروح، واشتعلت حرارته تشكل بشكل النار لصنوبري وتشكل أيضاً الجسم الغليظ المحدق به على.', 'uploads/5639e32b2090e2c19a250de805018fd7.png', 0, 6, 4),
(109, '2021-11-07 14:47:45', '2021-11-07 14:47:45', 'وجليلها إلى الروح.', 'voluptatum-in-sapiente-magni-neque', 'بالألفاظ على آمر ليس من شأنه أن يلفظ به خطر. فأقول: انه لما عاد إلى ملاحظة الاغيار عندما آفاق من حالة تلك التي شبيه بالسكر، خطر بباله انه لا ذات له يغاير بها ذات الواحد الحق الواجب الوجود الذي لا.', 'uploads/2bbe30f92b31e37724da01a3ac2993d4.png', 0, 1, 4),
(110, '2021-11-07 14:47:45', '2021-11-07 14:47:45', 'في الثقل أخر مثله،.', 'qui-aspernatur-modi-molestias-rerum-sunt-culpa', 'على أي قدر كان، ولا يمكن إن تكون فيه صفة من هذه الاضرب الثلاثة. آما الضرب الأول: أوصاف لها بالإضافة إلى ما في العالم الأكبر. فلما تبين له أنه كان إذا أزمع على اعتقاد الحدوث، اعترضته عوارض أخرى، وذلك.', 'uploads/d7f2006508c05e58b130b9700f8fc335.png', 0, 8, 4),
(111, '2021-11-07 14:47:45', '2021-11-07 14:47:45', 'طريق السلف الصالح.', 'eveniet-perspiciatis-sit-omnis', 'فاعتقد من اجل ذلك إن جميع الموجودات فعله، تصفحها من بعد ذا تصفحاً على طريق الاعتبار في قدرة فاعلها؛ والتعجب من غريب صنعته، ولطيف حكمته، ودقيق علمه فتبين له بذلك أن الأجسام كلها تستحيل عليه، وأول.', 'uploads/96cbf8afc7d3fff7d70af24d7865eae7.png', 0, 4, 4),
(112, '2021-11-07 14:47:45', '2021-11-07 14:47:45', 'استغاث ذلك الطفل.', 'deleniti-maxime-ut-ut-ut-quia-corporis-dolore', 'الذي يسمع به وبصره الذي يبصر به\" وفي محكم التنزيل: \"بسم الله الرحمن الرحيم\" يعملون ظاهراً من الحياة آل شيئا يسيراً، كما إن ذلك صادر عن صورة أخرى، وحدثت له صورة أخرى، مثل الماء إذا صار ماء، والنبات.', 'uploads/c5db253a64e5b7ca6507aa36de2ad3e9.png', 0, 8, 4),
(113, '2021-11-07 14:47:45', '2021-11-07 14:47:45', 'والتأمل؛ وكلاهما.', 'ut-ad-aperiam-dolorem-ea', 'عليك إن شاء الله تعالى: وهو انه لما عاد إلى اللبن أروته، ومتى ظمئ إلى الماء أرودته، متى ضحا ظللته؛ ومتى خصر أدفأته. وإذا جن الليل صرفته إلى مكان الأول وجللته بنفسها وبريش كان هناك؛ مما ملئ به زق.', 'uploads/93eeecf9e0b3b6bb4fcf778b2c71c2af.png', 0, 2, 4),
(114, '2021-11-07 14:47:45', '2021-11-07 14:47:45', 'بن يقظان في أثره.', 'distinctio-commodi-tempora-libero-magnam-repudiandae-necessitatibus-sint', 'الاستضاءة وهي الأجسام الصقيلة ما يزيد على شدة قبوله للروح أنه يحكي صورة الشمس، ومولية عنها بوجوهها، وراى لهذه الذوات من الحسن والبهاء، واللذة والفرح، ما لا عين رأت ولا إذن سمعت! ولا خطر على قلب بشر.', 'uploads/70dd5ed8a3144f5c16a94fb173395b6e.png', 0, 2, 4),
(115, '2021-11-07 14:47:45', '2021-11-07 14:47:45', 'بها الحيوان، وكانت.', 'minus-unde-dicta-qui-ut-aut-sapiente', 'موضع الآفة بها. وكان أولاً نصفها الذي هو أطباقه بنحو ما اعتبر به حي بن يقظان، فاشتملوا عليه شديداً وأكبروا آمره، واجتمعوا إليه واعظموه وبجلوه، وأعلمه أسال أن هذه الأجناس كلها، من فعل ذلك العضو. وهذه.', 'uploads/580254b80a1e09fcb679737d519fe015.png', 0, 1, 4),
(116, '2021-11-07 14:47:45', '2021-11-07 14:47:45', 'بها، حتى انتشرت في.', 'cumque-voluptatem-recusandae-consequatur-beatae-eligendi-est-veritatis', 'وان كان مما تدوم فيه المسامتة كان شديد البرودة جداً، وان كان مما تدوم فيه المسامتة كان شديد البرودة جداً، وان كان قد أمله. وطمع أسال أيضاً انه لا يدري لنفسه ابتداء ولا أباً ولا أماً أكثر من ذلك.', 'uploads/292397184bf4af92fdfed956a424f4aa.png', 0, 9, 4),
(117, '2021-11-07 14:47:45', '2021-11-07 14:47:45', 'عالم الكون والفساد.', 'laudantium-accusantium-est-animi-atque', 'على تلك الحالة، جزع جزعاً شديداً، وكادت نفسه تفيض أسفاً عليها. فكان يناديها بالصوت الذي كانت عليه، والطين واحد بعينه لم يتبدل، غير أنه لا سبب لوجود جميع الأشياء، أراد أن يعلم بأي شيء حصل له هذا.', 'uploads/567737b7fa4a2ce8c48a1576c86df31c.png', 0, 1, 4),
(118, '2021-11-07 14:47:45', '2021-11-07 14:47:45', 'عنه، وتتشوق إليه،.', 'quia-optio-modi-doloremque-eius-nulla-qui-quo-modi', 'به هو وحده، هان عنده بالجملة جسمه، وجعل يتفكر في تلك الأجمة. فكان المد لا ينتهي إليها، وكانت مسامير التابوت قد فلقت، وألواحه قد اضطربت عند رمي الماء في الجزر. وبقي التابوت في ذلك الموضع، وعلت الرمال.', 'uploads/8f6f0e602303bf353f1fb1c575d39b70.png', 0, 5, 4),
(119, '2021-11-07 14:47:45', '2021-11-07 14:47:45', 'إلى مقامه الكريم،.', 'voluptatem-quam-perspiciatis-facere-aut-sit-omnis-veritatis', 'يحكي نغمتها بصوته حتى لا يعرض بطرفة عين. ثم أنه كان يرى أن معنى حدوثه، بعد أن لم تكن، وصارت قوية بعد ضعفها في العدو. ولم ير فيها ما يظن به انه شعر بالموجود الواجب الوجود، ثم يقطع علائق المحسوسات.', 'uploads/823048b61d75060a604fa6e330c2583e.png', 0, 9, 4),
(120, '2021-11-07 14:47:45', '2021-11-07 14:47:45', 'مدركة بالفعل، وكل.', 'architecto-dolores-quaerat-aliquid-aperiam-quia-pariatur', 'أنواع النبات مثل ذلك. فتبين له بذلك أن الأجسام السماوية أولى بذلك، وعلم أنها تعرف ذلك الموجود الواجب الوجود، بريء من صفات الأجسام - وكل الاعتناء بأمر الحيوان والنبات مما في عالم الكون والفساد، بعضها.', 'uploads/91818b75046d9981408f257ee186811a.png', 0, 3, 4),
(121, '2021-11-07 14:48:25', '2021-11-07 14:48:25', 'مدة تصريفه للبدن.', 'vel-enim-ut-natus-voluptas-nihil-itaque-nam', 'من قوة الروح الحيواني، الذي كان يحرك أمه ويصرفها، فكان يألف الظباء ويحن إليها لمكان ذلك الشبه. وبقي على حالته تلك حتى أناف على سبعة أسابيع من منشئه وذلك خمسون عاماً. وحينئذ اتفقت له صحبة أسال وكان.', 'uploads/223c3522072128a17f28e68ea7b44a15.png', 0, 7, 5),
(122, '2021-11-07 14:48:25', '2021-11-07 14:48:25', 'يحركه ويصرفه شيء.', 'aperiam-quos-odio-cumque-adipisci-quas-et', 'جعل يطلب التشبه الثالث، فتحصل به المشاهدة الصرفة، والاستغراق المحض الذي لا يقال فيه كل ولا بعض، ولا ينطق في أمره بلفظ من الألفاظ المسموعة، إلا وتوهم فيه شيء على خلاف الحقيقة، فلا يعرفه إلا من شاهده؛.', 'uploads/4c52168d5ed69e25c30d7f52c689cb83.png', 0, 10, 5),
(123, '2021-11-07 14:48:25', '2021-11-07 14:48:25', 'في ذلك الشيء بعد.', 'sequi-doloribus-consectetur-delectus-et-est', 'الحسية التي هي بريئة من الجسم - فكانت في بعض شؤونه. واستألف جوانح الطير ليستعين بها في الصيد، واتخذ الدواجن ببيضها وفراخها، واتخذ من أغصان الشجر عصياً وسوى أطرافها وعدل متنها. وكان بها على غير شكل.', 'uploads/9def279c4fd18f7278ed356c220daaa7.png', 0, 9, 5),
(124, '2021-11-07 14:48:25', '2021-11-07 14:48:25', 'دائرة الضياء إذا.', 'qui-aspernatur-ut-nam', 'عن الحدوث والافتقار إلى الفاعل المختار، فاطرحها كلها وانتقلت فكرته إلى الأجسام السماوية. وقد كان علم من ذاتها قد شعرت به، قطع ذلك على أنه هو الحيوان المعتدل الروح، الشيبة بالأجسام السماوية بالأضرب.', 'uploads/95fd3eb7b462401d2d924fba295c0b50.png', 0, 8, 5),
(125, '2021-11-07 14:48:25', '2021-11-07 14:48:25', 'الآن الحواس الخمس.', 'officiis-ex-enim-deserunt', 'قطع اللحم الذي بين الأضلاع، وأفضى إلى الحجاب المستبطن للأضلاع فراه قوياً، فقوي ظنه مثل ذلك الحجاب لا يكون إلا لمثل ذلك العضو هو مطلوبه، فحاول هتك حجابه، وشق شغافه، فبكد واستكراه ما، قدر على ذلك،.', 'uploads/f3ff0ebf28ca6e441d61991ad5ef235d.png', 0, 3, 5),
(126, '2021-11-07 14:48:25', '2021-11-07 14:48:25', 'هذه الأفعال هي أخص.', 'repudiandae-animi-corrupti-doloribus-a-et-veniam', 'الواحد، وهو يصرف ذلك أنحاء من التصريف بحسب ما تدعواليه الضرورة، فكانت الشرايين و العروق. وصفه الطبيعيون في خلقة الجنين في الرحم، لم يغادروا من ذلك الفريق، مع أنها تشارك الفريق في الصورة الأولى.', 'uploads/c2215c6288db35df0172b693a5226572.png', 0, 1, 5),
(127, '2021-11-07 14:48:25', '2021-11-07 14:48:25', 'يفتح أنفه. فاعتقد.', 'nam-ducimus-eos-deserunt-veritatis-consectetur-dolorem', 'منه أسال وأشار إليه ليأكل ففكر حي بن يقظان في أثره حتى التحق به - لما ضرب هذا الرسول الأمثال للناس في أكثر الأوقات، وتنظيف ما كان من جوهر هذا الوجود أو من شيء آخر ولو سرت إلى هذه المعرفة، ووقف على.', 'uploads/b93f02e73c70e4446cac42820aa3c0da.png', 0, 5, 5),
(128, '2021-11-07 14:48:25', '2021-11-07 14:48:25', 'إذ ليست تتحرك إلا.', 'ad-dolor-aut-quo-facere', 'ببدنه عند حدوثه، لقلنا إنها هي! ولولا اختصاصها ببدنه عند حدوثه، لقلنا إنها لم تحدث! وشاهد في هذه الأقسام الثلاثة من التشبيهات: آما التشبه الأول، إلا بقدر الضرورة، وهي الكفاية التي لا تحس ولا تغتذي.', 'uploads/14c3f26144b4a54b18056166fc281250.png', 0, 5, 5),
(129, '2021-11-07 14:48:25', '2021-11-07 14:48:25', 'تعرف ذلك الموجود.', 'iste-quo-incidunt-praesentium-omnis-consequatur', 'حفر حفرة فوارى فيها ذلك الميت بالتراب فقال في نفسه: إن كان يلازم الفكرة في ذلك كله، وسلا عن الجسد وطرحه، وعلم أن أمه التي عطفت عليه وأرضعته، إنما كانت ذلك الشيء المصرف للجسد لا يدري لنفسه ابتداء ولا.', 'uploads/76c9eb1bb071c069fdf58dfc1275222a.png', 0, 3, 5),
(130, '2021-11-07 14:48:25', '2021-11-07 14:48:25', 'خلق له \"بسم الله.', 'molestias-quia-amet-unde-distinctio-provident', 'كانت عادتها أن تجيبه عند سماعه، ويصيح بأشد ما يقدر عليه، فلا لها عند ذلك تنازعه إلى اتخاذ ذنب من ذنوب الوحوش الميتة ليعلقه على نفسه، وكان كروي الشكل إذ لا سبيل إلى التحقق به فالتزم الفكرة فيه، وجعل.', 'uploads/2b8399e35b2594811d2103e3eeeec794.png', 0, 8, 5),
(131, '2021-11-07 14:48:25', '2021-11-07 14:48:25', 'الجسمانية، مجتمع.', 'cumque-rem-ut-a-distinctio', 'بليغة، وتسوية ونفخاً وإنشاء ونسخاً. فما هو إلا أن مطلوبي كان فيه! فارتحل عنه وأخلاه. وعند ذلك، طرأ على هذا الجسد بجملته، إنما هو في الحقيقية شيئاً سوى نور الشمس. وان زال ذلك الجسم ولم يزد عند مغيبه.', 'uploads/c51892c92b018f6c531772f2276e6a1a.png', 0, 2, 5);
INSERT INTO `posts` (`id`, `created_at`, `updated_at`, `title`, `slug`, `body`, `image_path`, `approved`, `user_id`, `category_id`) VALUES
(132, '2021-11-07 14:48:25', '2021-11-07 14:48:25', 'يسبقه العدم بوجه.', 'commodi-ipsam-quaerat-quia-accusamus-id', 'يطالبه بأنواع المحسوسات من المطعوم والمشروب والمنكوح، والاستظلال والاستدفاء، وتجد في ذلك تصفح الأجسام كلها، لا من جهة ما هي ذوات صور تلزم عنها خواص، ينفصل بها بعضها ببعض. فتتبع ذلك كله عن نفسه، إذ.', 'uploads/4c2f31434374db0fc50b21f2e9995805.png', 0, 7, 5),
(133, '2021-11-07 14:48:25', '2021-11-07 14:48:25', 'فلا يرى بشيء منها.', 'blanditiis-sapiente-excepturi-qui-et-iste-delectus-omnis', 'فينظر في صفات الموجود الواجب الوجود، وهذا الشيء العارف، أمر رباني الهي يستحيل ولا يلحقه الفساد، ولا يوصف بشيء مما توصف به الأجسام، ولا يفسد لفسادها؛ فظهر له أنهما لمعنى زائد على جسميته. وذلك المعنى،.', 'uploads/d8ee331d6f89523bbf65dcf2c9b472a1.png', 0, 9, 5),
(134, '2021-11-07 14:48:25', '2021-11-07 14:48:25', 'على ما أودعه هذه.', 'minima-sed-quia-voluptatem-culpa-in', 'ولا هي غيرها وكأنها صورة الشمس التي تظهر في ماء مترجرج، وقد انعكست إليها من ذلك شيئاً، إلى أن يأخذ قبساً لم تستول النار على جميعه، فأخذ بطرفه السليم والنار في طرفه الآخر، فتاتي له بذلك ما امله من.', 'uploads/87c77d0a656ec07c23ab32297d7b77e1.png', 0, 5, 5),
(135, '2021-11-07 14:48:25', '2021-11-07 14:48:25', 'قديماً لمحبته في.', 'facilis-consequatur-nobis-laborum-voluptas-minima-rerum-nesciunt', 'بسبب ذلك متشابهة. وهذا القول يحتاج إلى بيان أكثر من صدور هذين الفعلين عنها. فلما زال هذان الفعلان بطل حكم الصورة، فزالت الصورة المائية عن ذلك الجسم لا محالة تابع للعالم الإلهي، شبيه الظل له؛ والعالم.', 'uploads/65b4be89572f80e26f253effa6e359bd.png', 0, 7, 5),
(136, '2021-11-07 14:48:25', '2021-11-07 14:48:25', 'بدنه، وتطيبها بما.', 'corrupti-dignissimos-laborum-cum-eius-tenetur', 'الحس والادراك والتحرك؛ وربما ظهر في زماننا من أراء فاسده نبغت بها متفلسفة العصر وصرحت بها، حتى انتشرت في البلدان وعما ضررها وخشينا على الضعفاء الذين اطرحوا تقليد الأنبياء صلوات الله عليهم، وأرادوا.', 'uploads/97b791ce835863f0d4a61d3a5a358543.png', 0, 6, 5),
(137, '2021-11-07 14:48:25', '2021-11-07 14:48:25', 'لا يزال يشتاق إلى.', 'asperiores-dolorem-in-sit-officiis-illo-quisquam', 'بعضه ببعض طاقات مضاعفة، وربما كان ذلك خلاف ما شاهده من عجائب ذلك المقام، على سبيل ضرب المثل، لا على سبيل الاختبار لقوتها، شيء من الضوء الثاقب والفعل الغالب حتى لا يقع منه أعراض فكان يلازم الفكرة في.', 'uploads/2f1615616bd7b6ef1991e1eb40f10749.png', 0, 9, 5),
(138, '2021-11-07 14:48:25', '2021-11-07 14:48:25', 'البرد، حتى بتكون.', 'architecto-aut-voluptatum-consectetur-autem-temporibus-perferendis-quidem-aut', 'ذلك معنى الاتحاد، وهو مستحيل عليها. وكأني بمن يقف على هذا الكلام، أن يقبلو عذري فيما تسائلت في تبينه وتسامحت في تثبيته، فلم أفعل ذلك إلا في أشياء يسيرة بالإضافة إلى تلك الأجمة. فلما أشتد الجوع بذلك.', 'uploads/ab9d7bdc2066b4c26299b5dd015b9d28.png', 0, 4, 5),
(139, '2021-11-07 14:48:25', '2021-11-07 14:48:25', 'مدة تصريفه للبدن.', 'iste-vero-laboriosam-quaerat-autem-id-maiores', 'المساكين، وودع صاحبه سلامان وركب متن البحر؛ فحمله الملاحون إلى تلك الحال إن هو تركها، وبقي له بعض الرجاء في رجوعها إلى تلك الجزيرة، وفرق باقيه على المساكين، وودع صاحبه سلامان وركب متن البحر؛ فحمله.', 'uploads/8d8f0769aeff5fb22b782fc05c6aa3d4.png', 0, 1, 5),
(140, '2021-11-07 14:48:25', '2021-11-07 14:48:25', 'ولا قصور، فهو لا.', 'molestiae-omnis-sequi-repellat-minima-ipsum-debitis-odit', 'ترقى بالمعرفة، حتى انتهى إلى درجة الوصول. فلما سمع أسال منه وصف تلك الحقائق والذوات المفارقة لعالم الحس العارفة بذات الحق عز وجل، ووصفه ذلك الحق تعالى وجل بأوصافه الحسنى، ووصف له شأنه كله وكيف ترقى.', 'uploads/0e89487f5e369095bc7cf28f5bce2ebe.png', 0, 1, 5),
(141, '2021-11-07 14:48:25', '2021-11-07 14:48:25', 'واحد من هذين إليه.', 'doloribus-fuga-deserunt-nam-provident-reiciendis-aliquid', 'تنقضي، وحسرات لا تنمحي؛ قد أحاط بهم، الظالمات الحجب قد تغشتهم، والكل منهم - إلا اليسير - لا يتمسكون من ملتهم إلا بالدنيا، وقد نبذوا أعمالهم على خفتها وسهولتها وراء ظهورهم، واشتروا بها ثمناً قليلاً،.', 'uploads/6dc453e8a36cb3c858756b6cd8fdad7f.png', 0, 2, 5),
(142, '2021-11-07 14:48:25', '2021-11-07 14:48:25', 'فيه شبهاً من سائر.', 'facere-culpa-et-repudiandae-aut', 'بأخلاقه ويقتدي بأفعاله، ويجد في تنفيذ إرادته، ويسلم الآمر له، ويرضى بجميع حكمه، رضى من قلبه ظاهراً وباطناً، بحيث يسر به وان كان تابعاً للعالم الإلهي، وانما فساده إن يبدل، لا إن يعدم بالجملة، وبذلك.', 'uploads/67d89975efd998fd2a7ad072a4699367.png', 0, 5, 5),
(143, '2021-11-07 14:48:25', '2021-11-07 14:48:25', 'فيه، وحينئذ تكون.', 'et-iure-minus-ea-expedita-sequi', 'عنده مما يدرأ الوسواس، ويزيل الظنون المعترضة ويعيد من همزات الشياطين. وكان اختلافهما في هذا النوع من النظر. ثم كان يرجع إلى نظر آخر من طريق ثان، فيرى أن أعضاءه، وان كانت لجسم دائم الوجود لا يخلو من.', 'uploads/517df69fcd3f259c8e75498567dd55c1.png', 0, 5, 5),
(144, '2021-11-07 14:48:25', '2021-11-07 14:48:25', 'جرحتني الوحوش في.', 'dolorem-est-inventore-sed-vel-provident', 'أنواع النبات على اختلافها. فيرى كل شخص من أشخاص الحيوان؛ وما في داخله من الكون والفساد إن حقيقة وجود كل واحد منها، فان الاسطقسات تكون فيه متعادلة متكافئة، فإذن لا يبطل لأحدهما الآخر قوة الآخر بأكثر.', 'uploads/f5d202b402cae7141499756f1a39d955.png', 0, 1, 5),
(145, '2021-11-07 14:48:25', '2021-11-07 14:48:25', 'ولم يعرف من صورته.', 'culpa-eligendi-nihil-mollitia-illum-nam-ea', 'ساكنة وعلى حالة واحدة في شروق الشمس عليها وفي وقت مغيبها عنها وأحوالها في التسخين والتبريد، ظاهرة الاختلاف للحس في هذين الوقتين. ولا الشمس أيضاً تسخن بالحركة لأنها ساكنة وعلى حالة واحدة في شروق.', 'uploads/ca47f74c096c4808432f5fc1da908ef9.png', 0, 1, 5),
(146, '2021-11-07 14:48:25', '2021-11-07 14:48:25', 'به وصف من الأوصاف،.', 'deleniti-dolores-sint-molestias-omnis-ut', 'الأفعال ذاتية لها، أو سارية أليها من غيرها. وكان في تلك الموجود الواجب الوجود، وهذا الشيء العارف، أمر رباني الهي يستحيل ولا يلحقه الفساد، ولا يوصف بشيء مما توصف به الأجسام، ولا يفسد لفسادها؛ فظهر له.', 'uploads/ea63d734673b832c56e700239b8e33ca.png', 0, 9, 5),
(147, '2021-11-07 14:48:25', '2021-11-07 14:48:25', 'حتى لا يكاد يفرق.', 'sint-magni-reiciendis-minima-eius-iusto-eos', 'والعالم الإلهي مستغن عنه وبريء منه فانه مع ذلك ما أودعناه هذه الأوراق اليسيره من الأسرار عن حجاب رقيق وستر لطيف ينتهك سريعاً لمن هو أهله، ويتكاثف لمن لا يستحق تجاوزه حتى لا يتعداه. وأنا أسئل إخواني.', 'uploads/dd1ae6c0a3b3069c2af60cec446d57d0.png', 0, 2, 5),
(148, '2021-11-07 14:48:25', '2021-11-07 14:48:25', 'حقيقة وجود كل واحد.', 'culpa-et-vero-quia-et-voluptas-qui', 'لم تكن قديمة، وهو في حال شبيه بالعدم، وما كان من نبأ حي بن يقظان لالتماس غذائه وأسال قد ألم بتلك الجهة، فوقع بصر كل منهما على الآخر. فلما أعياه ذلك ونظر إلى ذلك التجويف الذي صادفه خالياً عندما شق.', 'uploads/6eec38aa41670f383b353b4a701b695f.png', 0, 2, 5),
(149, '2021-11-07 14:48:25', '2021-11-07 14:48:25', 'إن لم تكن، وصارت.', 'sunt-perspiciatis-et-nemo-optio-reprehenderit', 'باهر فعضلها ومنعها الأزواج إذا لم يجد لها كفواً. وكان له قريب يسمى يقظان فتزوجها سراً على وجه الترغيب والتشويق في دخول الطريق. وأسأل الله التجاوز والعفو، وأن يوردنا من المعرفة به عنده، فتبين له بذلك.', 'uploads/51190c88fb3e13040ecff776bc0dd6fb.png', 0, 3, 5),
(150, '2021-11-07 14:48:25', '2021-11-07 14:48:25', 'حكمه، رضى من قلبه.', 'recusandae-facilis-natus-quia-officia-corporis-est', 'أمر عظيم من المشاهدة على الدوام فهو مع تلك المشاهدة من الكدر والشوائب؛ ويزول عنه ذلك الفعل، مثل الماء، وأجزاء الحيوان و النبات، وأن كل جسم فانه لا يزال يشتاق إلى ذلك المقام بالنحو الذي طلبه أولاً.', 'uploads/fc74b40a2a4cc354eb369e0cd76b7b16.png', 0, 4, 5);

-- --------------------------------------------------------

--
-- Table structure for table `profiles`
--

CREATE TABLE `profiles` (
  `id` bigint(20) UNSIGNED NOT NULL,
  `created_at` timestamp NULL DEFAULT NULL,
  `updated_at` timestamp NULL DEFAULT NULL,
  `user_id` int(10) UNSIGNED NOT NULL,
  `avatar` varchar(255) COLLATE utf8mb4_unicode_ci NOT NULL DEFAULT 'avatar.jpeg',
  `website` varchar(255) COLLATE utf8mb4_unicode_ci DEFAULT NULL,
  `bio` text COLLATE utf8mb4_unicode_ci DEFAULT NULL
) ENGINE=InnoDB DEFAULT CHARSET=utf8mb4 COLLATE=utf8mb4_unicode_ci;

--
-- Dumping data for table `profiles`
--

INSERT INTO `profiles` (`id`, `created_at`, `updated_at`, `user_id`, `avatar`, `website`, `bio`) VALUES
(1, '2021-11-07 14:44:57', '2021-11-07 14:44:57', 1, 'avatars/342eeefaa3085df6a12aebfc35b9e72a.png', 'http://hasan.info/beatae-rerum-architecto-incidunt-unde-dolor-et-repellat', 'عن الزمان. وكذلك أيضاً كان يرى انه اذا ادخل إصبعه في أذنيه وسدها لا يسمع شيئاً حتى يزول ذلك.'),
(2, '2021-11-07 14:44:57', '2021-11-07 14:44:57', 2, 'avatars/2b4d6de1ff1e711a1122e1eb81957e0f.png', 'http://www.qasem.org/rerum-aut-iure-autem-facilis-quaerat', 'وأن الواجب بحسب ذلك أن يكون أحس جزأيه - وهو الجسماني - أشبه الأشياء بالجواهر السماوية الخارجة عن.'),
(3, '2021-11-07 14:44:58', '2021-11-07 14:44:58', 3, 'avatars/20751af328c8c84b6429d7f6232ae46f.png', 'http://www.hamad.info/', 'فرأى أن وراء هذا الامتداد إلى الأقطار الثلاثة، التي يعبر عنها بالطول، والعرض، والعمق، فعلم هذا.'),
(4, '2021-11-07 14:45:00', '2021-11-07 14:45:00', 4, 'avatars/b7cfeb509cf8349c0385687c183218fa.png', 'http://www.obaisi.net/nisi-quo-in-repellendus-reprehenderit-cumque-nam.html', 'الكل من المشرق إلى المغرب في اليوم والليلة. وشرح كيفية انتقاله. ومعرفة ذلك يطول؛ وهو مثبت في.'),
(5, '2021-11-07 14:45:01', '2021-11-07 14:45:01', 5, 'avatars/77e36b60e48451d4a7cf0da7b75c159c.png', 'http://shami.biz/', 'فقد فرضنا باطلاً ومحالاً. فلما صح عنده صدق قوله. إلا انه بقي في لذة لا نهاية لها، وغبطة وسرور وفرح.'),
(6, '2021-11-07 14:45:02', '2021-11-07 14:45:02', 6, 'avatars/1b40e0766630b661b519f6a8c68821de.png', 'http://www.abulebbeh.info/praesentium-nobis-ipsam-quam-id-qui-ad-reprehenderit.html', 'ما استغنى به عما أراده من الذنب والعذاب الطبيعي. وفي خلال شدة مجاهدته هذه ربما كانت تغيب عن ذكره.'),
(7, '2021-11-07 14:45:03', '2021-11-07 14:45:03', 7, 'avatars/dc705d23553ed338cc8bf8fed9e97a43.png', 'http://www.hadi.com/laudantium-provident-dolorum-odio-eos.html', 'تكلف الوصول إلى ذلك المقام إلا بالوصول إليه. فأصغ الآن بسمع قلبك، وحدق ييصر إلى ما ألفه من عالم.'),
(8, '2021-11-07 14:45:03', '2021-11-07 14:45:03', 8, 'avatars/fd2704b7022998439de6573c43d8690f.png', 'http://www.qasem.sa/', 'قدم العالم، وان العدم لم يسبقه، وانه لم يزل كما هو، فان اللازم عن ذلك ضرورة، انه لا يمكن إن يدرك.'),
(9, '2021-11-07 14:45:04', '2021-11-07 14:45:04', 9, 'avatars/ed4de56dc1bc16d90fc048635f461252.png', 'https://www.rabee.biz/odio-dolor-aspernatur-nihil-velit-tempore-quia-non', 'جاز إن تتبعض ذات السبعين ألف وجه، لقلنا انها بعضها. ولولا إن هذه الذات صورة الشمس التي تظهر ببادئ.'),
(10, '2021-11-07 14:45:06', '2021-11-07 14:45:06', 10, 'avatars/a17a122d68c4e59ae710c701fdeef7ae.png', 'http://kanaan.sa/', 'ثلاثة أضرب: أولاً: أما نبات لم يكمل بعد نضجه ولم ينته إلى غاية تمامه، وهي أصناف الفواكه رطبها.');

-- --------------------------------------------------------

--
-- Table structure for table `roles`
--

CREATE TABLE `roles` (
  `id` bigint(20) UNSIGNED NOT NULL,
  `role` varchar(255) COLLATE utf8mb4_unicode_ci NOT NULL,
  `created_at` timestamp NULL DEFAULT NULL,
  `updated_at` timestamp NULL DEFAULT NULL
) ENGINE=InnoDB DEFAULT CHARSET=utf8mb4 COLLATE=utf8mb4_unicode_ci;

--
-- Dumping data for table `roles`
--

INSERT INTO `roles` (`id`, `role`, `created_at`, `updated_at`) VALUES
(1, 'user', NULL, NULL),
(2, 'admin', NULL, NULL),
(3, 'finance', NULL, NULL),
(4, 'GM', NULL, NULL);

-- --------------------------------------------------------

--
-- Table structure for table `users`
--

CREATE TABLE `users` (
  `id` bigint(20) UNSIGNED NOT NULL,
  `name` varchar(255) COLLATE utf8mb4_unicode_ci NOT NULL,
  `email` varchar(255) COLLATE utf8mb4_unicode_ci NOT NULL,
  `email_verified_at` timestamp NULL DEFAULT NULL,
  `password` varchar(255) COLLATE utf8mb4_unicode_ci NOT NULL,
  `remember_token` varchar(100) COLLATE utf8mb4_unicode_ci DEFAULT NULL,
  `created_at` timestamp NULL DEFAULT NULL,
  `updated_at` timestamp NULL DEFAULT NULL
) ENGINE=InnoDB DEFAULT CHARSET=utf8mb4 COLLATE=utf8mb4_unicode_ci;

--
-- Dumping data for table `users`
--

INSERT INTO `users` (`id`, `name`, `email`, `email_verified_at`, `password`, `remember_token`, `created_at`, `updated_at`) VALUES
(1, 'هازار الفدا', 'yazan88@example.net', '2021-11-07 14:44:55', '$2y$10$92IXUNpkjO0rOQ5byMi.Ye4oKoEa3Ro9llC/.og/at2.uheWG/igi', 'cvGR61t7eo', '2021-11-07 14:44:55', '2021-11-07 14:44:55'),
(2, 'خليل عبادة مفدي السماري', 'khaled90@example.net', '2021-11-07 14:44:55', '$2y$10$92IXUNpkjO0rOQ5byMi.Ye4oKoEa3Ro9llC/.og/at2.uheWG/igi', 'pFVkmayoOy', '2021-11-07 14:44:57', '2021-11-07 14:44:57'),
(3, 'زياد السويلم', 'unimry@example.net', '2021-11-07 14:44:55', '$2y$10$92IXUNpkjO0rOQ5byMi.Ye4oKoEa3Ro9llC/.og/at2.uheWG/igi', 'MLcPyLr410', '2021-11-07 14:44:57', '2021-11-07 14:44:57'),
(4, 'غصون الفدا', 'mohammad79@example.net', '2021-11-07 14:44:55', '$2y$10$92IXUNpkjO0rOQ5byMi.Ye4oKoEa3Ro9llC/.og/at2.uheWG/igi', 'kqOg2OH3N1', '2021-11-07 14:44:58', '2021-11-07 14:44:58'),
(5, 'صفية الزامل', 'rkaram@example.net', '2021-11-07 14:44:55', '$2y$10$92IXUNpkjO0rOQ5byMi.Ye4oKoEa3Ro9llC/.og/at2.uheWG/igi', 'tTtk1UxPNS', '2021-11-07 14:45:00', '2021-11-07 14:45:00'),
(6, 'ريهام عبدالعزيز القحطاني', 'hamad.bashar@example.org', '2021-11-07 14:44:55', '$2y$10$92IXUNpkjO0rOQ5byMi.Ye4oKoEa3Ro9llC/.og/at2.uheWG/igi', '5ZPS9wznEX', '2021-11-07 14:45:01', '2021-11-07 14:45:01'),
(7, 'فوزي السليم', 'rabee.akram@example.org', '2021-11-07 14:44:55', '$2y$10$92IXUNpkjO0rOQ5byMi.Ye4oKoEa3Ro9llC/.og/at2.uheWG/igi', '18eRDEGGEN', '2021-11-07 14:45:02', '2021-11-07 14:45:02'),
(8, 'رامز مؤثر المنيف', 'khaled.qasem@example.org', '2021-11-07 14:44:55', '$2y$10$92IXUNpkjO0rOQ5byMi.Ye4oKoEa3Ro9llC/.og/at2.uheWG/igi', 'nGEHAXN6U8', '2021-11-07 14:45:03', '2021-11-07 14:45:03'),
(9, 'لجين مكي', 'hasan.abd@example.com', '2021-11-07 14:44:55', '$2y$10$92IXUNpkjO0rOQ5byMi.Ye4oKoEa3Ro9llC/.og/at2.uheWG/igi', 'BXoMHqBzyV', '2021-11-07 14:45:03', '2021-11-07 14:45:03'),
(10, 'شاهر السيف', 'obaisi.abdullah@example.org', '2021-11-07 14:44:55', '$2y$10$92IXUNpkjO0rOQ5byMi.Ye4oKoEa3Ro9llC/.og/at2.uheWG/igi', 'M44hvToRvY', '2021-11-07 14:45:04', '2021-11-07 14:45:04');

--
-- Indexes for dumped tables
--

--
-- Indexes for table `categories`
--
ALTER TABLE `categories`
  ADD PRIMARY KEY (`id`),
  ADD UNIQUE KEY `categories_slug_unique` (`slug`);

--
-- Indexes for table `comments`
--
ALTER TABLE `comments`
  ADD PRIMARY KEY (`id`);

--
-- Indexes for table `failed_jobs`
--
ALTER TABLE `failed_jobs`
  ADD PRIMARY KEY (`id`),
  ADD UNIQUE KEY `failed_jobs_uuid_unique` (`uuid`);

--
-- Indexes for table `migrations`
--
ALTER TABLE `migrations`
  ADD PRIMARY KEY (`id`);

--
-- Indexes for table `pages`
--
ALTER TABLE `pages`
  ADD PRIMARY KEY (`id`),
  ADD KEY `pages_slug_index` (`slug`);

--
-- Indexes for table `password_resets`
--
ALTER TABLE `password_resets`
  ADD KEY `password_resets_email_index` (`email`);

--
-- Indexes for table `permissions`
--
ALTER TABLE `permissions`
  ADD PRIMARY KEY (`id`);

--
-- Indexes for table `permission_role`
--
ALTER TABLE `permission_role`
  ADD PRIMARY KEY (`id`);

--
-- Indexes for table `personal_access_tokens`
--
ALTER TABLE `personal_access_tokens`
  ADD PRIMARY KEY (`id`),
  ADD UNIQUE KEY `personal_access_tokens_token_unique` (`token`),
  ADD KEY `personal_access_tokens_tokenable_type_tokenable_id_index` (`tokenable_type`,`tokenable_id`);

--
-- Indexes for table `posts`
--
ALTER TABLE `posts`
  ADD PRIMARY KEY (`id`),
  ADD UNIQUE KEY `posts_slug_unique` (`slug`),
  ADD KEY `posts_user_id_foreign` (`user_id`),
  ADD KEY `posts_category_id_foreign` (`category_id`);

--
-- Indexes for table `profiles`
--
ALTER TABLE `profiles`
  ADD PRIMARY KEY (`id`);

--
-- Indexes for table `roles`
--
ALTER TABLE `roles`
  ADD PRIMARY KEY (`id`);

--
-- Indexes for table `users`
--
ALTER TABLE `users`
  ADD PRIMARY KEY (`id`),
  ADD UNIQUE KEY `users_email_unique` (`email`);

--
-- AUTO_INCREMENT for dumped tables
--

--
-- AUTO_INCREMENT for table `categories`
--
ALTER TABLE `categories`
  MODIFY `id` bigint(20) UNSIGNED NOT NULL AUTO_INCREMENT, AUTO_INCREMENT=6;

--
-- AUTO_INCREMENT for table `comments`
--
ALTER TABLE `comments`
  MODIFY `id` bigint(20) UNSIGNED NOT NULL AUTO_INCREMENT, AUTO_INCREMENT=61;

--
-- AUTO_INCREMENT for table `failed_jobs`
--
ALTER TABLE `failed_jobs`
  MODIFY `id` bigint(20) UNSIGNED NOT NULL AUTO_INCREMENT;

--
-- AUTO_INCREMENT for table `migrations`
--
ALTER TABLE `migrations`
  MODIFY `id` int(10) UNSIGNED NOT NULL AUTO_INCREMENT, AUTO_INCREMENT=13;

--
-- AUTO_INCREMENT for table `pages`
--
ALTER TABLE `pages`
  MODIFY `id` bigint(20) UNSIGNED NOT NULL AUTO_INCREMENT;

--
-- AUTO_INCREMENT for table `permissions`
--
ALTER TABLE `permissions`
  MODIFY `id` bigint(20) UNSIGNED NOT NULL AUTO_INCREMENT, AUTO_INCREMENT=7;

--
-- AUTO_INCREMENT for table `permission_role`
--
ALTER TABLE `permission_role`
  MODIFY `id` bigint(20) UNSIGNED NOT NULL AUTO_INCREMENT, AUTO_INCREMENT=7;

--
-- AUTO_INCREMENT for table `personal_access_tokens`
--
ALTER TABLE `personal_access_tokens`
  MODIFY `id` bigint(20) UNSIGNED NOT NULL AUTO_INCREMENT;

--
-- AUTO_INCREMENT for table `posts`
--
ALTER TABLE `posts`
  MODIFY `id` bigint(20) UNSIGNED NOT NULL AUTO_INCREMENT, AUTO_INCREMENT=151;

--
-- AUTO_INCREMENT for table `profiles`
--
ALTER TABLE `profiles`
  MODIFY `id` bigint(20) UNSIGNED NOT NULL AUTO_INCREMENT, AUTO_INCREMENT=11;

--
-- AUTO_INCREMENT for table `roles`
--
ALTER TABLE `roles`
  MODIFY `id` bigint(20) UNSIGNED NOT NULL AUTO_INCREMENT, AUTO_INCREMENT=5;

--
-- AUTO_INCREMENT for table `users`
--
ALTER TABLE `users`
  MODIFY `id` bigint(20) UNSIGNED NOT NULL AUTO_INCREMENT, AUTO_INCREMENT=11;

--
-- Constraints for dumped tables
--

--
-- Constraints for table `posts`
--
ALTER TABLE `posts`
  ADD CONSTRAINT `posts_category_id_foreign` FOREIGN KEY (`category_id`) REFERENCES `categories` (`id`) ON DELETE CASCADE,
  ADD CONSTRAINT `posts_user_id_foreign` FOREIGN KEY (`user_id`) REFERENCES `users` (`id`) ON DELETE CASCADE;
COMMIT;

/*!40101 SET CHARACTER_SET_CLIENT=@OLD_CHARACTER_SET_CLIENT */;
/*!40101 SET CHARACTER_SET_RESULTS=@OLD_CHARACTER_SET_RESULTS */;
/*!40101 SET COLLATION_CONNECTION=@OLD_COLLATION_CONNECTION */;
