-- phpMyAdmin SQL Dump
-- version 5.1.1
-- https://www.phpmyadmin.net/
--
-- Host: 127.0.0.1
-- Generation Time: Nov 13, 2021 at 04:33 AM
-- Server version: 10.4.21-MariaDB
-- PHP Version: 8.0.10

SET SQL_MODE = "NO_AUTO_VALUE_ON_ZERO";
START TRANSACTION;
SET time_zone = "+00:00";


/*!40101 SET @OLD_CHARACTER_SET_CLIENT=@@CHARACTER_SET_CLIENT */;
/*!40101 SET @OLD_CHARACTER_SET_RESULTS=@@CHARACTER_SET_RESULTS */;
/*!40101 SET @OLD_COLLATION_CONNECTION=@@COLLATION_CONNECTION */;
/*!40101 SET NAMES utf8mb4 */;

--
-- Database: `cms_hsoub`
--

-- --------------------------------------------------------

--
-- Table structure for table `categories`
--

CREATE TABLE `categories` (
  `id` bigint(20) UNSIGNED NOT NULL,
  `created_at` timestamp NULL DEFAULT NULL,
  `updated_at` timestamp NULL DEFAULT NULL,
  `title` varchar(255) COLLATE utf8mb4_unicode_ci NOT NULL,
  `slug` varchar(255) COLLATE utf8mb4_unicode_ci NOT NULL
) ENGINE=InnoDB DEFAULT CHARSET=utf8mb4 COLLATE=utf8mb4_unicode_ci;

--
-- Dumping data for table `categories`
--

INSERT INTO `categories` (`id`, `created_at`, `updated_at`, `title`, `slug`) VALUES
(1, '2021-11-12 17:42:19', '2021-11-12 17:42:19', 'اجتماعية', 'repudiandae-rerum-animi-odio-ut-perspiciatis-beatae'),
(2, '2021-11-12 17:42:37', '2021-11-12 17:42:37', 'اقتصادية', 'suscipit-debitis-ea-voluptas-labore-distinctio'),
(3, '2021-11-12 17:42:54', '2021-11-12 17:42:54', 'سياسية', 'repudiandae-repellendus-qui-voluptate-placeat-reprehenderit'),
(4, '2021-11-12 17:43:09', '2021-11-12 17:43:09', 'نفسية', 'et-veritatis-doloremque-illum-veniam-aspernatur'),
(5, '2021-11-12 17:43:29', '2021-11-12 17:43:29', 'رياضة', 'laudantium-et-placeat-non-molestiae-neque-ut-accusamus');

-- --------------------------------------------------------

--
-- Table structure for table `comments`
--

CREATE TABLE `comments` (
  `id` bigint(20) UNSIGNED NOT NULL,
  `created_at` timestamp NULL DEFAULT NULL,
  `updated_at` timestamp NULL DEFAULT NULL,
  `post_id` int(10) UNSIGNED NOT NULL,
  `user_id` int(10) UNSIGNED NOT NULL,
  `body` text COLLATE utf8mb4_unicode_ci NOT NULL
) ENGINE=InnoDB DEFAULT CHARSET=utf8mb4 COLLATE=utf8mb4_unicode_ci;

-- --------------------------------------------------------

--
-- Table structure for table `failed_jobs`
--

CREATE TABLE `failed_jobs` (
  `id` bigint(20) UNSIGNED NOT NULL,
  `uuid` varchar(255) COLLATE utf8mb4_unicode_ci NOT NULL,
  `connection` text COLLATE utf8mb4_unicode_ci NOT NULL,
  `queue` text COLLATE utf8mb4_unicode_ci NOT NULL,
  `payload` longtext COLLATE utf8mb4_unicode_ci NOT NULL,
  `exception` longtext COLLATE utf8mb4_unicode_ci NOT NULL,
  `failed_at` timestamp NOT NULL DEFAULT current_timestamp()
) ENGINE=InnoDB DEFAULT CHARSET=utf8mb4 COLLATE=utf8mb4_unicode_ci;

-- --------------------------------------------------------

--
-- Table structure for table `migrations`
--

CREATE TABLE `migrations` (
  `id` int(10) UNSIGNED NOT NULL,
  `migration` varchar(255) COLLATE utf8mb4_unicode_ci NOT NULL,
  `batch` int(11) NOT NULL
) ENGINE=InnoDB DEFAULT CHARSET=utf8mb4 COLLATE=utf8mb4_unicode_ci;

--
-- Dumping data for table `migrations`
--

INSERT INTO `migrations` (`id`, `migration`, `batch`) VALUES
(1, '2014_10_12_100000_create_password_resets_table', 1),
(2, '2019_08_19_000000_create_failed_jobs_table', 1),
(3, '2019_12_14_000001_create_personal_access_tokens_table', 1),
(4, '2021_10_31_012724_create_roles_table', 1),
(5, '2021_10_31_020000_create_users_table', 1),
(6, '2021_10_31_051324_create_categories_table', 1),
(7, '2021_10_31_052220_create_posts_table', 1),
(8, '2021_10_31_052434_create_comments_table', 1),
(9, '2021_10_31_052453_create_pages_table', 1),
(10, '2021_10_31_052557_create_profiles_table', 1),
(11, '2021_10_31_052625_create_permissions_table', 1),
(12, '2021_10_31_052803_create_permission_role_table', 1);

-- --------------------------------------------------------

--
-- Table structure for table `pages`
--

CREATE TABLE `pages` (
  `id` bigint(20) UNSIGNED NOT NULL,
  `created_at` timestamp NULL DEFAULT NULL,
  `updated_at` timestamp NULL DEFAULT NULL,
  `title` varchar(255) COLLATE utf8mb4_unicode_ci NOT NULL,
  `slug` varchar(255) COLLATE utf8mb4_unicode_ci NOT NULL,
  `content` longtext COLLATE utf8mb4_unicode_ci NOT NULL
) ENGINE=InnoDB DEFAULT CHARSET=utf8mb4 COLLATE=utf8mb4_unicode_ci;

-- --------------------------------------------------------

--
-- Table structure for table `password_resets`
--

CREATE TABLE `password_resets` (
  `email` varchar(255) COLLATE utf8mb4_unicode_ci NOT NULL,
  `token` varchar(255) COLLATE utf8mb4_unicode_ci NOT NULL,
  `created_at` timestamp NULL DEFAULT NULL
) ENGINE=InnoDB DEFAULT CHARSET=utf8mb4 COLLATE=utf8mb4_unicode_ci;

-- --------------------------------------------------------

--
-- Table structure for table `permissions`
--

CREATE TABLE `permissions` (
  `id` bigint(20) UNSIGNED NOT NULL,
  `name` varchar(255) COLLATE utf8mb4_unicode_ci NOT NULL,
  `desc` varchar(255) COLLATE utf8mb4_unicode_ci NOT NULL,
  `created_at` timestamp NULL DEFAULT NULL,
  `updated_at` timestamp NULL DEFAULT NULL
) ENGINE=InnoDB DEFAULT CHARSET=utf8mb4 COLLATE=utf8mb4_unicode_ci;

--
-- Dumping data for table `permissions`
--

INSERT INTO `permissions` (`id`, `name`, `desc`, `created_at`, `updated_at`) VALUES
(1, 'اضافة منشور', 'صلاحية عامة للمستخدم الموثق', NULL, NULL),
(2, 'اضافة تعليق', 'صلاحية عامة للمستخدم الموثق', NULL, NULL),
(3, 'تعديل منشور', 'صلاحية عامة للمستخدم الموثق', NULL, NULL),
(4, 'تعديل تعليق', 'صلاحية عامة للمستخدم الموثق', NULL, NULL),
(5, 'حذف مستخدم', 'صلاحية خاصة للمدير', NULL, NULL),
(6, 'حذف منشور', 'صلاحية خاصة للمدير', NULL, NULL),
(7, 'حذف تعليق', 'صلاحية خاصة للمدير', NULL, NULL),
(8, 'تعديل بيانات مستخدم', 'صلاحية خاصة للمدير', NULL, NULL);

-- --------------------------------------------------------

--
-- Table structure for table `permission_role`
--

CREATE TABLE `permission_role` (
  `id` bigint(20) UNSIGNED NOT NULL,
  `created_at` timestamp NULL DEFAULT NULL,
  `updated_at` timestamp NULL DEFAULT NULL,
  `role_id` int(10) UNSIGNED NOT NULL,
  `permission_id` int(10) UNSIGNED NOT NULL
) ENGINE=InnoDB DEFAULT CHARSET=utf8mb4 COLLATE=utf8mb4_unicode_ci;

-- --------------------------------------------------------

--
-- Table structure for table `personal_access_tokens`
--

CREATE TABLE `personal_access_tokens` (
  `id` bigint(20) UNSIGNED NOT NULL,
  `tokenable_type` varchar(255) COLLATE utf8mb4_unicode_ci NOT NULL,
  `tokenable_id` bigint(20) UNSIGNED NOT NULL,
  `name` varchar(255) COLLATE utf8mb4_unicode_ci NOT NULL,
  `token` varchar(64) COLLATE utf8mb4_unicode_ci NOT NULL,
  `abilities` text COLLATE utf8mb4_unicode_ci DEFAULT NULL,
  `last_used_at` timestamp NULL DEFAULT NULL,
  `created_at` timestamp NULL DEFAULT NULL,
  `updated_at` timestamp NULL DEFAULT NULL
) ENGINE=InnoDB DEFAULT CHARSET=utf8mb4 COLLATE=utf8mb4_unicode_ci;

-- --------------------------------------------------------

--
-- Table structure for table `posts`
--

CREATE TABLE `posts` (
  `id` bigint(20) UNSIGNED NOT NULL,
  `created_at` timestamp NULL DEFAULT NULL,
  `updated_at` timestamp NULL DEFAULT NULL,
  `title` varchar(255) COLLATE utf8mb4_unicode_ci NOT NULL,
  `slug` varchar(255) COLLATE utf8mb4_unicode_ci NOT NULL,
  `body` text COLLATE utf8mb4_unicode_ci NOT NULL,
  `image_path` varchar(255) COLLATE utf8mb4_unicode_ci NOT NULL DEFAULT 'default.png',
  `approved` tinyint(1) NOT NULL DEFAULT 0,
  `user_id` bigint(20) UNSIGNED NOT NULL,
  `category_id` bigint(20) UNSIGNED NOT NULL
) ENGINE=InnoDB DEFAULT CHARSET=utf8mb4 COLLATE=utf8mb4_unicode_ci;

--
-- Dumping data for table `posts`
--

INSERT INTO `posts` (`id`, `created_at`, `updated_at`, `title`, `slug`, `body`, `image_path`, `approved`, `user_id`, `category_id`) VALUES
(1, '2021-11-12 17:42:37', '2021-11-12 17:42:37', 'فانها تبطل ببطلان.', 'praesentium-recusandae-dolor-ullam-accusamus-temporibus-laboriosam-accusamus', 'يوم تبدل الارض غير الأرض والسموات. فهذا القدر هو الذي كان يراه ملازمة الجماعة، ويقول بتحريم العزلة، فشرع حي بن يقظان على أحد القولين المختلفين على صفة مبدئه، انتقلت إليه ملة من الملل الصحيحة.', 'uploads/6c8e32c8371a000c36338c3b09b0d798.png', 0, 1, 1),
(2, '2021-11-12 17:42:37', '2021-11-12 17:42:37', 'يكن جسماً فليس إلى.', 'delectus-id-optio-rerum-eaque-sunt-neque-porro-aspernatur', 'أرضيت احدهما أسخطت الأخرى، فان قلت يظهر مما حكيته من هذه المركبات لا تغلب عليه طبيعة أسطقس واحد، فلقوته فيه يغلب طبائع الاسطقسات الباقية، ويبطل قواها، ويصير ذلك المركب في حكم الاسطقس الغالب، فلا.', 'uploads/2f4df7ab9aada4bb4bb60fe90c9636d6.png', 0, 2, 1),
(3, '2021-11-12 17:42:37', '2021-11-12 17:42:37', 'أن يخلف المتغذي،.', 'quam-harum-temporibus-ut', 'بتلك القرارة، خضعت له وتوكلت بحراستها والقيام عليها، وإنهاء ما يطرأ فيها من الكثافة فلا تقبل الضوء بوجه. وهذا وحده مما برهنه الشيخ أبو علي خاصة، ولم يذكره من تقدمه، فإذا صحت هذه المقدمات، فاللازم.', 'uploads/0d3e62b1bb31600dd5aa835ddfb97eb7.png', 0, 7, 1),
(4, '2021-11-12 17:42:37', '2021-11-12 17:42:37', 'حتى لا يكاد يفرق.', 'deserunt-vero-voluptatum-illo-officiis', 'عن الشوب، يلوح له شيء من السباع العادية، فتربى الطفل ونما واغتذى بلبن تلك الظبية حتى وصل إليه بأيسر من السعي الذي وصل به أولاً ودام فيه ثانياً مدة أطول من الأولى. ثم عاد إلى عالم الحس. ثم تكلف.', 'uploads/48e418d1b3610dafcc25396219f8c725.png', 0, 7, 1),
(5, '2021-11-12 17:42:37', '2021-11-12 17:42:37', 'لها بمنزلة الروح.', 'fugit-enim-placeat-aut', 'ومتكثرة فكان تارة ينظر خصائص الأشياء وما يتفرد به بعضها عن بعض، فتكثر عنده كثرة تخرج عن الحصر، وينتشر له الوجود انتشار لا يضبط. كل عضو منها فيرى أنه يحتمل القسمة إلى أجزاء كثيرة جداً، فيحكم على ذاته.', 'uploads/ac7383f5d1299c960d3544ce04a69f0a.png', 0, 4, 1),
(6, '2021-11-12 17:42:37', '2021-11-12 17:42:37', 'علم أن الحكم على.', 'nihil-nemo-ut-saepe-voluptatem-aut-magnam', 'البدن المظلم والكثيف، الذي يطالبه بأنواع المحسوسات من المطعوم والمشروب والمنكوح، ورأى أيضاً كل نوع من أنواع الحيوان، وكفى به شرفاً أن يكون مسكنه في الوسط. وكان أيضاً ينظر إلى جنس النبات كله، فيحكم.', 'uploads/92a790d1f9bbb33ceae2bd95795252fb.png', 0, 4, 1),
(7, '2021-11-12 17:42:37', '2021-11-12 17:42:37', 'من الوجوه؟ فتشك في.', 'voluptatem-nulla-nemo-corrupti-necessitatibus-quis-temporibus', 'ومازال يشاهد لكل فلك ذاتاً مفارقة بريئة عن المادة، وعن صفات الأجسام بأن تخلع صورة وتلبس صورة أخرى، يصدر عنها الحس والتنقل من حين إلى أخر. ورأى أيضاً كل نوع يشبه بعضه بعضاً في الأغصان، والورق، والزهر.', 'uploads/03511c672bcd889877f2c6d73ba6d10d.png', 0, 4, 1),
(8, '2021-11-12 17:42:37', '2021-11-12 17:42:37', 'عن البدع والأهواء.', 'earum-necessitatibus-ex-sed-saepe-numquam-et-sapiente', 'قتلهم؛ وما رميت إذا رميت، ولكن الله رمى! صدق الله العظيم لاستعماله، فلولا أنه هداه لاستعمال تلك الأعضاء التي خلقت له في اقل الأشياء الموجودة، فضلاً عن أكثرها من أثار الحكمة، وبدائع الصنعة، ما قضى.', 'uploads/90477b0fa24735b382ef07a275e49618.png', 0, 1, 1),
(9, '2021-11-12 17:42:37', '2021-11-12 17:42:37', 'غلوائه على دينه،.', 'veniam-magnam-eligendi-porro-magnam-sed-itaque-eligendi', 'هذه الذات، المعدة لمثل هذا الإدراك؛ فانه إذا افرط عليه التسخين، استعد للحركة إلى فوق وصلح لها. فذلك الاستعداد هو صورته، إذ ليس للنبات من الادراكات إلا بعض ما للحيوان. وإذا كان فاعلاً لحركات الفلك.', 'uploads/6b34c5c3a3613dced382e4a10e4c0704.png', 0, 9, 1),
(10, '2021-11-12 17:42:37', '2021-11-12 17:42:37', 'إذا فارق البدن بقي.', 'deleniti-rem-in-accusamus-voluptas-rerum-eum-provident', 'الذي يقع على الأجسام الكثيفة غير الصقيلة، فأما الأجسام الشفافة التي لاشيء فيها من الكثافة فلا تقبل الضوء بوجه. وهذا وحده مما برهنه الشيخ أبو علي خاصة، ولم يذكره من تقدمه، فإذا صحت هذه المقدمات،.', 'uploads/9dd65a5479dcaedaec0057683cc9827a.png', 0, 4, 1),
(11, '2021-11-12 17:42:37', '2021-11-12 17:42:37', 'ويتعذر عليه الرجوع.', 'voluptatibus-quia-quibusdam-facere-et-placeat', 'واتخذ الدواجن ببيضها وفراخها، واتخذ من أغصان الشجر عصياً وسوى أطرافها وعدل متنها. وكان بها على الوحوش المنازعة له، فيحمل على الضعيف منها، ويقاوم القوي منها، فنبل بذلك قدره عند نفسه بعض نباله، ورأى.', 'uploads/3a007f0a500af1a6cefc950e2921ac37.png', 0, 2, 1),
(12, '2021-11-12 17:42:37', '2021-11-12 17:42:37', 'النبات كله، فيحكم.', 'dolor-iste-adipisci-repellendus-rerum-beatae', 'إلى جهة السفل، مثل الماء، فانه إذا أطرح البدن بالموت؛ فإما أن يكون بحسب ما يسد بها جوعته. وأقام على تلك الحال: يحكي نغمتها بصوته حتى لا يتعداه. وأنا أسئل إخواني الواقفين على هذا الموضع الذي أجدني لا.', 'uploads/1cf6cb620b7866eaab9132f1f98f17cb.png', 0, 5, 1),
(13, '2021-11-12 17:42:37', '2021-11-12 17:42:37', 'هذا التشبه الأول،.', 'aliquid-magni-ut-nobis', 'واحد من هذه الأجسام، فيظهر له بهذا الاعتبار، إن الجسم، بما هو جسم. فإذا أمكن وجود جسم لا صورة فيه زائدة على معنى الجسمية التي لسائر الأجسام ذوات الصور، والذي يثبت على حال من الإقبال والمشاهدة.', 'uploads/38886505498275bdab7ae2d6ecea30b9.png', 0, 6, 1),
(14, '2021-11-12 17:42:37', '2021-11-12 17:42:37', 'لان الكثرة انما هي.', 'qui-autem-esse-architecto-perferendis-nihil-voluptatibus-animi', 'إلى المغرب في اليوم والليلة. وشرح كيفية انتقاله. ومعرفة ذلك يطول؛ وهو مثبت في الكتب، ولا يحتاج في قوامه إلى جسم، وهو منزه عنها. ولما كانت المادة في كل واحد من الاسطقسات، فكأنه لا مضادة لصورته،.', 'uploads/de6aaf50111a5beccc2af1254c331362.png', 0, 3, 1),
(15, '2021-11-12 17:42:37', '2021-11-12 17:42:37', 'من الشمس أبداً هو.', 'ullam-deserunt-error-exercitationem-facilis-incidunt-dolor-ipsam-odio', 'الحق لديهم، وتبييه لهم ففاوض في ذلك كله، وهو قد قارب سبعة اعوام، ويئس من أن يكون قوة سارية في جسم خارج عنه. فهي إذا لشيء بريء عن الأجسام، وغير موصوف بشيء من هذه الأربعة عن الأخر، فيكون الذي قطع منه.', 'uploads/f19227e0f709302b43aba35b1dec2a95.png', 0, 8, 1),
(16, '2021-11-12 17:42:37', '2021-11-12 17:42:37', 'فاعتذر عما تكلم به.', 'aliquam-debitis-praesentium-atque-molestiae-perspiciatis', 'عنه مثقال ذرة في السموات ولا في جسم من هذه المشاهدة، بل هو صارف عنها وعائق دونها، إذ هو لا محالة يتحرك تابعاً لحركة يدك، حركة متأخرة عن حركة يدك، تأخراً بالذات؛ وان كانت تلك الصورة بحيث لا يقع منه.', 'uploads/f34a402b910e613a5f181021e0fabaf7.png', 0, 3, 1),
(17, '2021-11-12 17:42:37', '2021-11-12 17:42:37', 'الأولى والثانية،.', 'voluptatem-esse-et-quod-aut-enim', 'لان كل واحد من الاسطقسات، فكأنه لا مضادة لصورته، فيستأهل الحياة بذلك. ومتى زاد هذا الاعتدال وكان أتم وأبعد من الانحراف، كان بعده عن أن يوجد له ضد أكثر، وكانت حياته أكمل. ولما كان مسكنه على خط.', 'uploads/69bcb648ad867718ad8a0a72399a5055.png', 0, 8, 1),
(18, '2021-11-12 17:42:37', '2021-11-12 17:42:37', 'وإلا لم يطل بقاؤه،.', 'consequuntur-qui-natus-sit-est-tempore-praesentium', 'فصادف ذلك جري الماء بقوة المد، فاحتمله من ليلته إلى ساحل الجزيرة الأخرى المتقدم ذكرها. وكان المد يصل في ذلك الشيء المصرف للجسد لا يدري ما سببه. وكان ينظر إلى أذنيها والى عينيها فلا يرى بها آفة.', 'uploads/f3cf5fd19c5fbfecb14e6b6dbf8e6b87.png', 0, 7, 1),
(19, '2021-11-12 17:42:37', '2021-11-12 17:42:37', 'الخطمية والخباري.', 'voluptas-quia-deserunt-quod-delectus-voluptas-itaque', 'واما تمام خبره - فسأتلوه عليك إن شاء الله تعالى. ذكروا: إن جزيرة قريبة من الجزيرة المعمورة، فقربه إلى حي بن يقظان في تعليمهم وبث أسرار الحكمة إليهم. فما هو إلا يسنح لبصره محسوس ما من المحسوسات، أو.', 'uploads/6a462e10f36499ec45fcb4e1ddd3f171.png', 0, 6, 1),
(20, '2021-11-12 17:42:37', '2021-11-12 17:42:37', 'وليس ثم معنى أخر.', 'cumque-nobis-enim-sed-dolorum-excepturi', 'ولا يتألم لفقده. واما جميع القوى الجسمانية، فانها تبطل ببطلان الجسم؛ فلا تشتاق أيضاً إلى تحسس بما يلائمه فيجذبه، وبما يخالفه فيدفعه. فتكفل له العضو الواحد بما فيه من القوى. والتشبه الثالث: يجب عليه.', 'uploads/27db34ec095c2f39b7f4f48360fdf9f1.png', 0, 2, 1),
(21, '2021-11-12 17:42:37', '2021-11-12 17:42:37', 'له الأقدام على ذلك.', 'iusto-aut-architecto-nesciunt-corrupti-quo-soluta', 'شبه ما منه من حيث هو جسم، مركب على الحقيقة من معنين: أحدهما يقوم منه مقام الطين للكرة في هذا الامتداد إلى الأقطار الثلاثة، على نسبة محفوظة في الطول والعرض والعمق. فهذان الفعلان عامان للنبات.', 'uploads/9f56c6b2df8ecf94b55cac3be7626379.png', 0, 3, 1),
(22, '2021-11-12 17:42:37', '2021-11-12 17:42:37', 'لان يصدر عنه ذلك.', 'voluptas-vel-dolorem-et-dolorem', 'التي يكون فسادها سبباً لبقائه. فاستهل أيسر الضررين، وتسامح في اخف الاعتراضين، ورأى إن يأخذ من أكثره وجوداً، ويستأصل منه نوعاً بأسره. هذا ما رأى في جنس ما يتغذى به. وأي شيء يكون وفي مقداره وفي المدة.', 'uploads/dff4d3fa51227c42c936b7c14b1082b1.png', 0, 6, 1),
(23, '2021-11-12 17:42:37', '2021-11-12 17:42:37', 'الماء واما أن يبقى.', 'ipsum-alias-explicabo-reiciendis-eveniet', 'نبات ذي خيط. وكان أصل اهتدائه إلى ذلك، وأدخلوهما السفينة، فأرسل الله إليهم ريحاً رخاء حملت السفينة في أقرب مدة إلى الجزيرة التي يتولد بها الإنسان من الأغشية المجللة لجملة بدنه وغيرها فلما كمل انشقت.', 'uploads/421e28c1ee259c5849a0df27fc685606.png', 0, 6, 1),
(24, '2021-11-12 17:42:37', '2021-11-12 17:42:37', 'تحده. فنظر أولاً.', 'nihil-perferendis-modi-qui-quaerat', 'الاغتذاء بها مما يقطعها عن كمالها ويحول بينها وبين الغاية القصوى المقصودة بها. فكان ذلك اعتراض على فعل الفاعل. وهذا الاعتراض مضاد لما يطلبه من القرب منه والتشبه به. فرأى أن وراء هذا الامتداد معنى.', 'uploads/dc3a6213e8f75635e05079ae845506fb.png', 0, 8, 1),
(25, '2021-11-12 17:42:37', '2021-11-12 17:42:37', 'لفضلة غذائه، وحصن.', 'sapiente-quasi-est-perferendis-culpa-commodi-maxime-vero', 'عليه فيكون إذن مثله وهو متناه، فذلك أيضاً متناه، فالجسم الذي تفرض فيه هذه الخطوط متناه، وكل جسم يمكن أن يتحرك إلى الجهة اليسرى منه وشقها، فرأى ذلك الفراغ مملوءاً بهواء بخاري، يشبه الضباب الابيض،.', 'uploads/ff3a95fccdfb05917ec07fb4c4c4b464.png', 0, 5, 1),
(26, '2021-11-12 17:42:37', '2021-11-12 17:42:37', 'لا يكون فيه معنى.', 'minima-sint-nobis-illo', 'سعادته في القرب منه، وطلب التشبه به، ولا محالة أن الاغتذاء بها مما يقطعها عن كمالها ويحول بينها وبين الغاية القصوى المقصودة بها. فكان ذلك ما أودعناه هذه الأوراق اليسيره من الأسرار عن حجاب رقيق وستر.', 'uploads/d1bff800c8b0b4e8540e7265df150416.png', 0, 9, 1),
(27, '2021-11-12 17:42:37', '2021-11-12 17:42:37', 'بعضاً في الأعضاء.', 'iusto-et-harum-vero-qui-deleniti-adipisci-maxime', 'والنار، والبعث والنشور، والحشر والحساب، والميزان والصراط. ففهم حي بن يقظان بعين التعظيم والتوقير، وتحقق عنده إن ذلك لا يصدر إلا عن فاعل مختار في غاية من الاعتدال اللائق به، فتعلق به عند ذلك تنازعه.', 'uploads/597c397dd968e26db994ee70a69b0e1a.png', 0, 9, 1),
(28, '2021-11-12 17:42:37', '2021-11-12 17:42:37', 'رأى أسال أيضاً انه.', 'qui-maxime-facere-reprehenderit-magnam-ullam-illo-magnam', 'الثاني أيضاً جسماً، لحتاج إلى محدث ثالث، والثالث إلى رابع، ويتسلسل ذلك إلى ضرورة البدن. وبقي على حالته تلك حتى أناف على سبعة أسابيع من منشئه، وذلك خمسة وثلاثون عاماً، وقد رسخ في قلبه من هذا الملك.', 'uploads/4c5e171b2374e7aae06efb78212157e4.png', 0, 1, 1),
(29, '2021-11-12 17:42:37', '2021-11-12 17:42:37', 'أمر هذا الفاعل، ما.', 'numquam-voluptatem-odio-accusantium-odio-quia', 'أنها إذا أدركت شيئاً من ذلك. وكان عليه مدرعة سوداء من الشعر والصوف، فظن إنها لباس طبيعي. فوقف يتعجب منه ملياً. وولى أسال هارباً منه خيفة أن يشغله عن حاله، فاقتفى حي بن يقظان يتقرب منه قليلاً قليلاً،.', 'uploads/8d423444ef89612f5a96611c9355308b.png', 0, 3, 1),
(30, '2021-11-12 17:42:37', '2021-11-12 17:42:37', 'الأول، ولم يضره في.', 'numquam-ut-rerum-rerum-iusto-possimus', 'عليها الخبث، وهي مع ذلك العطلة قد اشتملها ولم يختص بها عضو دون عضو - وقع في خاطرة أن الآفة التي نزلت بها أولاً فيكون سعيه عليها. ثم أنه تفكر: هل رأى من أحسن آثارها وقوة اقتدارها، وقع في خاطرة أن.', 'uploads/20c4a610f782868335461d836167bf07.png', 0, 4, 1),
(31, '2021-11-12 17:42:54', '2021-11-12 17:42:54', 'صار هواء، والهواء.', 'voluptatem-perspiciatis-officiis-ullam-repellendus-sunt', 'فيه طولاً مدة بعد مدة، حتى صار الجسد كله خسيساً لا قدر له بالإضافة إلى ما انتهى إليه بالطريق الأول، ولم يضره في ذلك بالنار وبحروف الحجارة، حتى صارت شبه الرماح، واتخذ ترسه من جلود مضاعة: كل ذلك لما.', 'uploads/d0ea5d7a722dcd7b51684a373880f255.png', 0, 1, 2),
(32, '2021-11-12 17:42:54', '2021-11-12 17:42:54', 'على حال من الإقبال.', 'magni-culpa-vel-aut-dolorem-illum', 'الله من القوة والبسطة في العلم والجسم - فالتزمه وقبض عليه؛ ولم يمكنه من البراح. فلما نظر إليه أسال وهو مكتس بجلود الحيوان ذوات الاوبار؛ وشعره قد طال حتى جلل كثيراً منه، ورأى ما عنده من الأعمال.', 'uploads/195db860e21989a54138ae39e32dfc3f.png', 0, 3, 2),
(33, '2021-11-12 17:42:54', '2021-11-12 17:42:54', 'للقراءة الثانية،.', 'ad-facilis-et-sequi-necessitatibus-error-est', 'جميع الأجسام وما يتصل بها أو يتعلق بها، ولو بعض التعلق، هو متناه منقطع. فإذن العالم كله بما في السماوات والأرض والكواكب، وما بينها، وما فوقها، وما تحتها، وعلق الذنب من خلفه، وعلق الجناحين على عضديه،.', 'uploads/8f07dd05b55053c82b80e5c787886d7b.png', 0, 7, 2),
(34, '2021-11-12 17:42:54', '2021-11-12 17:42:54', 'الأفعال كلها، لا.', 'ipsa-nihil-dignissimos-dolor-enim-magni', 'بالتزام جميع شرائعها والموظبة على جميع أعمالها، واصطحبا على ذلك. وكانا يتفقهان في بعض تلك الأوقات إن خرج حي بن يقظان فيما كان ألزم نفسه إن لا يرى شيئاً غير الأجسام فكان بهذا الطريق يرى الوجود كله.', 'uploads/ab32f6beb21fe29add1d2d2efa9d5fe2.png', 0, 5, 2),
(35, '2021-11-12 17:42:54', '2021-11-12 17:42:54', 'منهم: فليس عندهم.', 'cupiditate-ea-omnis-facere-quia-error', 'رأى من أحسن آثارها وقوة اقتدارها، وقع في نفسه الشهوة للبحث عن سائر أعضاء الحيوان وترتيبها وأوضاعها وكميتها وكيفية ارتباط بعضها ببعض، وكيف تستمد من هذا الطريق،ولو كان لا يوجد مثلها للأجسام السماوية.', 'uploads/00156c5873adeaa1fc88801bfee1373e.png', 0, 3, 2),
(36, '2021-11-12 17:42:54', '2021-11-12 17:42:54', 'أن نجد خطين أبداً.', 'sunt-doloribus-non-quas', 'محجوب بمثل هذا الحجاب الذي لم يقطع منه شيء صرفاً، وما كان يجده في صدره، لم يتأت له بالحس وجود جسم بهذه الصفة إنما مطلوبي الشيء الذي يختص به مثل صنوف الحركات وضروب الكيفيات المحسوسة عنها، وذلك الشيء.', 'uploads/411f727704f7fc112871522d55e9b91c.png', 0, 7, 2),
(37, '2021-11-12 17:42:54', '2021-11-12 17:42:54', 'عليها حسي، فهذا لا.', 'aliquam-et-veniam-magni-et', 'لا تكون إلا بالاتصال. ولا يفهم شيء من الحياة في عالم الكون والفساد شيء يخصها به، يفعل كل واحد من أشخاص الحيوان؛ وما فيه من القوى التي أصلها منه ، فانتسجت بينهما لذلك كله مسالك وطرق: بعضها أوسع من.', 'uploads/899d2539c5a50990895f67c410029e0c.png', 0, 3, 2),
(38, '2021-11-12 17:42:54', '2021-11-12 17:42:54', 'الطين للكرة في هذا.', 'aliquam-quaerat-sit-autem-sunt-aliquam-illum-ratione-nemo', 'عنه، لعله يظفر به، ويرى آفته فيزيلها ثم انه بعد ذلك إلى ضرورة البدن. وبقي على حالته تلك حتى أناف على سبعة أسابيع من منشئه وذلك خمسون عاماً. وحينئذ اتفقت له صحبة أسال وكان من جملة من الأجسام، تشترك.', 'uploads/866c3eb0bede488934518d0922fe0948.png', 0, 3, 2),
(39, '2021-11-12 17:42:54', '2021-11-12 17:42:54', 'عنه. فعزم على شق.', 'quisquam-quibusdam-aut-voluptatibus-et', 'شيء من الامتداد؟ فتحير بعد ذلك نظر إلى الكواكب والأفلاك فرآها كلها منتظمة الحركات، جارية على نسق؛ ورآها شفافة ومضيئة بعيدة عن الفساد، والصور لا تتعاقب عليها. وتبين له هنالك أن جميع الأعضاء محتاجة.', 'uploads/d261504ccbf2ec592df9c34eccdd5fc9.png', 0, 9, 2),
(40, '2021-11-12 17:42:54', '2021-11-12 17:42:54', 'ذلك في جميع الصور،.', 'possimus-qui-et-rerum-cum-nihil-eligendi-quia-eos', 'بنوع من النظر الذي اتحدت به عنده الأجسام التي كان قد ألقاه البحر إلى ساحله - فلما أنضجت ذلك الحيوان على الفور. فصح عنده أن هذه الأجناس كلها، من فعل هذا الفاعل على جهة المحسوسات، وهو لا يعلم بعد هل.', 'uploads/5e96e7b8fad7b563d0902e3cffd9b526.png', 0, 4, 2),
(41, '2021-11-12 17:42:54', '2021-11-12 17:42:54', 'يرى أشخاص كل نوع.', 'esse-vero-asperiores-porro-qui-reprehenderit', 'آو نشب به ناشب، آو تعلق به شوك، آو سقط على عينيه آو آذنيه شيء يؤذيه، آو مسه ظمأ آو جوع، تكفل بإزالة ذلك كله مبلغ كبار الطبيعيين، فتبين له إن الأجسام التي في رتبته من الحسن والبهاء واللذة غير.', 'uploads/ab568c8f7bd83afdaab1a1233f9baa35.png', 0, 4, 2),
(42, '2021-11-12 17:42:54', '2021-11-12 17:42:54', 'منزه عن ذلك، وعن.', 'dolorem-ullam-illum-id-beatae', 'والشرط عليه من التناهي في طلب العزلة والانفراد. إلى إن اتفق في بعض الأوقات، أقرب إلى بصره منها في وقت من الأوقات، فبان له بذلك أنها لم تشعر بذلك الموجود ولا اشتاقت إليه، ولا تعرفت إليه بوجه من.', 'uploads/c903f9ba1287d817f72648f9850e94f4.png', 0, 1, 2),
(43, '2021-11-12 17:42:54', '2021-11-12 17:42:54', 'أدركته، كانت حينئذ.', 'dolore-quas-consequatur-id-beatae-accusamus-temporibus', 'الأجسام الكثيفة غير الصقيلة وهذه تختلف في قبول ذلك الأجسام الكثيفة فتراه يظهر فيها. فإنه وإن نسب إلى الجسم الذي كان يأوي إليه - وكان قد اعتقد أن ذلك البخار الحار هو الذي امكنني الآن أن أشير إليك به.', 'uploads/06413ddf2eadbcbe9222bc86e09a1c90.png', 0, 1, 2),
(44, '2021-11-12 17:42:54', '2021-11-12 17:42:54', 'يغلب على ظنه أنها.', 'praesentium-incidunt-facere-dolores-non-vero-sed-rem', 'إذا لشيء بريء عن الأجسام، وغير موصوف بشيء من أوصاف الجسمية، وقد كان علم من ذاتها قد شعرت به، قطع ذلك على أنه هو الحيوان المعتدل الروح، الشيبة بالأجسام السماوية والاقتداء بها، والتقبل أوصافها،.', 'uploads/3dfca89dd55b95be065a33cde17d89f0.png', 0, 2, 2),
(45, '2021-11-12 17:42:54', '2021-11-12 17:42:54', 'لذلك هذه الأجسام.', 'dolores-molestiae-sequi-et-tempore', 'مات. ثم تحركت في نفسه أن الشيء الذي كان يوجد منه قبل ذلك. ونظر هل يجد وصفاً واحداً يعم جميع الأجسام، فليست إذن للجسم بما هو جسم. فإذا أمكن وجود جسم بهذه الصفة إنما مطلوبي الشيء الذي قدم له ما أمكنه.', 'uploads/e4df548e6b8c35ba045a10eab421e493.png', 0, 1, 2),
(46, '2021-11-12 17:42:54', '2021-11-12 17:42:54', 'ولا يابساً، لان كل.', 'qui-neque-dicta-natus-velit-sit', 'حيث جال، سئم تكاليف الحياة الدنيا، واشتد شوقه إلى الحياة القصوى، فجعل يطلب كيف يتشبه به بالأجسام السماوية. فالضرورة تدعو إليه الضرورة في بقاء هذا البخار الحار حتى تستمر لها الحياة به، وكيف بقاء هذا.', 'uploads/d64e4b5ba6871cb0eead1792d589be44.png', 0, 5, 2),
(47, '2021-11-12 17:42:54', '2021-11-12 17:42:54', 'والآمر الآخر - لم.', 'cupiditate-quas-aspernatur-ea-tempore', 'راى النار والهواء. وكان قد شاهد قبل ذلك - في مدة تصريفه للبدن - قد تعرف بهذا الموجود، وعلم ما هو عليه من التزام حدود الشرع والأعمال الظاهرة مقلة الخوض فيما لا يعنيهم، والإيمان بالمتشابهات والتسليم.', 'uploads/00f8e809770d3c5f4cde58b8bb15d953.png', 0, 3, 2),
(48, '2021-11-12 17:42:54', '2021-11-12 17:42:54', 'بيان أكثر من هذا،.', 'velit-molestiae-aut-dolor-est-impedit-et', 'وكذلك في أمر الأموال: كالزكاة وتشعبها، والبيوع والربا والحدود والعقوبات، فكان يستغرب هذا كله ويراه تطويلاً، ويقول: إن الناس لو فهموا الآمر على واحد من هذه جزافاً كيفما اتفق، ربما وقع في السرف واخذ.', 'uploads/9c42ca9b4c039bc433b541cbe0c42565.png', 0, 10, 2),
(49, '2021-11-12 17:42:54', '2021-11-12 17:42:54', 'الآن ولم يحدثه قبل.', 'atque-voluptas-aut-sed-at-quasi-consectetur-officiis-sed', 'الشيء بعد إن تعرف به، فلا محالة أنهما ما دام فاقد له، يكون في جنس ما يتغذى به. وأي شيء يكون وفي مقداره وفي المدة التي يبقى، ومن أين يستمد، وكيف لا تنفذ حرارته؟ فتتبع ذلك كله يريد إن يريحه الله عز.', 'uploads/68542bef2869a9b483b0a2a22d4a6d03.png', 0, 10, 2),
(50, '2021-11-12 17:42:54', '2021-11-12 17:42:54', 'منزه عن ذلك، وعن.', 'vero-iusto-qui-nostrum-eum', 'الأرض بعضها ابسط من بعض، فقصد منها إلى ابسط ما قدر عليه وكذلك رأى أنه بجزئه الاشرف الذي به عرف الموجود الواجب الوجود، وهذا الشيء العارف، أمر رباني الهي يستحيل ولا يلحقه الفساد، ولا يوصف بشيء مما.', 'uploads/64c8af2ea34409e6012654bdc31a48f7.png', 0, 2, 2),
(51, '2021-11-12 17:42:54', '2021-11-12 17:42:54', 'وجه الحيلة في ذلك،.', 'ullam-rem-quae-officiis-deserunt-excepturi-sapiente', 'الجهة المضادة لتلك الجهة، وهي جهة السفل، بل لو أمكن أن يتزايد الحجر إلى حد ما من النظر العقلي. ولاح له في جملة من خدمها وثقاتها إلى ساحل البحر، وقلبها يحترق صبابةً به، وخوفاً عليه، ثم إنها ودعته.', 'uploads/ace7e89c3d0395d3b3223a2f4996672c.png', 0, 5, 2),
(52, '2021-11-12 17:42:54', '2021-11-12 17:42:54', 'تصدر عنها الحركة.', 'itaque-et-ipsum-eos-libero', 'عن حاله، فاقتفى حي بن يقظان في تعليمهم وبث أسرار الحكمة إليهم. فما هو إلا إن تثبت قليلاً، فعادت إليه حواسه، وتنبه من حاله تلك التي شبيه بالسكر، خطر بباله انه لا يمكن غير ذلك ولا يدري ما هم عليه من.', 'uploads/2de461c061f65f7ae84b33835d09b9c9.png', 0, 9, 2),
(53, '2021-11-12 17:42:54', '2021-11-12 17:42:54', 'يمكن إن تكون فيه.', 'saepe-commodi-sint-quia-quisquam-vel-aspernatur', 'وعلم إن معرفة الأقل أسهل من معرفة الأكثر؛ فطلب أولاً الوقوف على الحقيقة من معنين: أحدهما يقوم منه مقام الطين للكرة في هذا الامتداد معنى أخر، هو الذي كان يحرك أمه ويصرفها، فكان يألف الظباء ويحن إليها.', 'uploads/98a59d02a0957b047466c8f128492175.png', 0, 4, 2),
(54, '2021-11-12 17:42:54', '2021-11-12 17:42:54', 'كان الروح الحيواني.', 'aspernatur-quaerat-aliquam-optio-consectetur-tempora-omnis-velit', 'وكذلك أيضاً كان يقول: إذا كان حادثاً، فلا بد له من الجهة المقابلة للقراءة الثانية، نفاخة ثالثة مملوءة جسماً هوائياً، إلا أنه أغلظ من الأولين وسكن في هذه الأحوال المختلفة أصوات مختلفة فألفته الوحوش.', 'uploads/5315b9c61a7fdc5be18e7077919d6e29.png', 0, 7, 2),
(55, '2021-11-12 17:42:54', '2021-11-12 17:42:54', 'قبة حجر انعقد فيه.', 'aliquam-ex-voluptatibus-reiciendis-minima-aut-porro', 'من العباد المنقطعين، وصل تلك الجزيرة تخمرت فيه طينه على مر السنين والأعوام، حتى امتزج فيها الحار بالبارد، والرطب باليابس، امتزاج تكافؤ وتعادل في القوى. وكانت هذه الطينة المتخمرة كبيرة جداً وكان.', 'uploads/86e29bd8cd6b8e6a1608d44941557922.png', 0, 2, 2),
(56, '2021-11-12 17:42:54', '2021-11-12 17:42:54', 'ثبات بثبات المرآة،.', 'quidem-labore-autem-dignissimos-fuga-quam-natus-et', 'من حيث هو جسم، لما وجد إلا وهما له. ونحن نجد الثقيل لا توجد فيه الخفة، والخفيف لا يوجد فيه الثقل، وهما لا محالة في بعض الأوقات فيما ورد من ألفاظ تلك الشريعة أقوال تحمل عن العزلة والانفراد، وتدل على.', 'uploads/2ff3f01ff37a074438ddc8af677c81d1.png', 0, 3, 2),
(57, '2021-11-12 17:42:54', '2021-11-12 17:42:54', 'وجماله وبهائه، وهو.', 'accusamus-itaque-rem-corrupti-placeat-et', 'أعظم مما يراها في حال شبيه بالعدم. فلما حكم على ذلك برهة من الزمن، يتصفح أنواع الحيوان والنبات مما في عالم الكون والفساد، منها ما يصلح له، وراضها حتى كمل بها غرضه، وعمل عليها من الشرك والجلود أمثال.', 'uploads/42273f893e43707378c133d8124c1278.png', 0, 1, 2),
(58, '2021-11-12 17:42:54', '2021-11-12 17:42:54', 'بعد ذلك، فرأى كل.', 'voluptatem-quia-et-delectus', 'أن ترقى عن الظاهر قليلاً وأخذ في وصف ما سبق إلى فهمهم خلافه، فجعلوا ينقبضون منه وتشمئز نفوسهم مما يأتي به، ويتسخطونه بقلوبهم، وان اظهروا له الرضا في وجهه اكراماً لغربته فيهم، ومراعاة لحق صاحبهم.', 'uploads/484771ba992adce418bf10ddb3a694a6.png', 0, 2, 2),
(59, '2021-11-12 17:42:54', '2021-11-12 17:42:54', 'الفكرة فيه، وجعل.', 'rerum-voluptates-enim-veniam-et', 'الجماعة. فتعلق أسال بطلب العزلة، ورجح القول فيها لما كان في طباعه من البحث عن الحقائق. فلما رآه يشتد في الهرب. خنس عنه وتوارى له، حتى ظن أسال انه قد انصرف عنه وتباعد من تلك الطينة المتحمرة على.', 'uploads/4e66acbfde8ed540bbdf21f170400498.png', 0, 8, 2),
(60, '2021-11-12 17:42:54', '2021-11-12 17:42:54', 'من شاهده؛ ولا تثبت.', 'laboriosam-eveniet-voluptas-consequuntur-voluptatum-velit-est-in-id', 'المعنى الكلي. والعقلاء الذين يعنيهم، هم ينظرون من هذا النظر والنمط الذي كلامنا فيه فوق هذا القدر لا يتفق، وأن حظ أكثر الجمهور من الانتفاع بالشريعة إنما هو من عالم الكون والفساد، وأن يكون ذلك ونحن.', 'uploads/2c094e85fb6bfc75f7115ccb370aca7c.png', 0, 3, 2),
(61, '2021-11-12 17:43:09', '2021-11-12 17:43:09', 'والواحد والوحدة،.', 'id-nemo-error-iure', 'الرطوبات إلى شيء يمده ويغذوه، ويخلف ما تحلل منه على الخط الذي لم يقطع منه شيء، وذهب الذهن كذلك معهما إلى الجهة المضادة لتلك الجهة، وهي جهة السفل، مثل الماء، فانه إذا افرط عليه التسخين، استعد للحركة.', 'uploads/391edea5569f08b228bf5be0f5be90a9.png', 0, 7, 3),
(62, '2021-11-12 17:43:09', '2021-11-12 17:43:09', 'على قلب بشر. إلى.', 'inventore-voluptatem-placeat-sed-eveniet-rerum-debitis-at-officia', 'التسخين والتبريد، ظاهرة الاختلاف للحس في هذين الوقتين. ولا الشمس أيضاً تسخن بالحركة لأنها ساكنة وعلى حالة واحدة في شروق الشمس عليها وفي وقت مغيبها عنها وأحوالها في التسخين والتبريد، ظاهرة الاختلاف.', 'uploads/dda3e519abda26635957c8d43f6ab781.png', 0, 6, 3),
(63, '2021-11-12 17:43:09', '2021-11-12 17:43:09', 'مبدأ لسائر البدن،.', 'qui-esse-consequatur-et-adipisci-officiis-tempora', 'إلا بقوة جسمانية، ثم يكدح بأمرها بقوة جسمانية أيضاً. فاخذ في طرح ذلك كله عنه. وما زال يتفكر في تلك المدة حي بن يقظان فلم يدر ما هو، غير أنه كان إذا أزمع على اعتقاد الحدوث، اعترضته عوارض أخرى، وذلك.', 'uploads/e1f2c3d185b93ba920299ac22e08163b.png', 0, 10, 3),
(64, '2021-11-12 17:43:09', '2021-11-12 17:43:09', 'إذن سمعت! ولا خطر.', 'autem-labore-corporis-beatae-nulla-architecto-repellendus', 'ثم ينظر إلى جميع أنواع الحيوانات، فيرى كل شخص من أشخاص الحيوان؛ وما فيه من ضروب الأفلاك، المتصل بعضها ببعض، لا انفصال بينها بوجه، فهي في الحكم الواحد، وأنها لا تختلف إلا بحسب اختلاف أفعالها، أن ذلك.', 'uploads/b9615934d7ba99467ee409ed885baa30.png', 0, 3, 3),
(65, '2021-11-12 17:43:09', '2021-11-12 17:43:09', 'جلود مضاعة: كل ذلك.', 'id-dolorum-officia-laborum', 'أفعال ما خاصة بها. مثال ذلك: إن الأجسام المحسوسة ذوات الصور، والذي يثبت على حال واحدة، إذ الأخرى والدنيا كضرتين، إن أرضيت احدهما أسخطت الأخرى، فان قلت يظهر مما حكيته من هذه الجهة. فحكم بان ذلك العضو.', 'uploads/cc8478c3403ad07b61b7673929f13455.png', 0, 4, 3),
(66, '2021-11-12 17:43:09', '2021-11-12 17:43:09', 'في وقت الحر، أسخن.', 'voluptatem-commodi-ut-sint-aspernatur', 'منه فانه مع ذلك مستدبرة للمرايا الصقيلة التي ارتسمت فيها صورة الشمس، ومثالها. وكذلك أيضاً كان يقول: إذا كان حادثاً، فلا بد له من فاعل يخرجه إلى الوجود، وان ذلك الفاعل المختار - جل وتعالى وعز. فلما.', 'uploads/bc9f632c60a47fa407774606308e6f46.png', 0, 3, 3),
(67, '2021-11-12 17:43:09', '2021-11-12 17:43:09', 'ينحرف عن هذا كله،.', 'tenetur-possimus-modi-tempora-totam-vel', 'العضو، وأنا حتى الآن لم أصل إليه. فشق عليه، فألقى فيه تجويفين اثنين احدهما من الجهة فهو في حقيقة الوسط، ولا محالة أنه مطلوبي. لا سيما مع ما أرى له حسن الوضع، وجمال الشكل، وقلة التشتت، وقوة اللحم،.', 'uploads/2fb14203d40da7593ae7bfb016e0128a.png', 0, 5, 3),
(68, '2021-11-12 17:43:09', '2021-11-12 17:43:09', 'إن لا يرى ذا حاجة.', 'non-officiis-consequatur-quam-molestiae', 'دوامه أطول. وما زال يتفكر في تلك الأجمة. فكان المد لا ينتهي إليها، وكانت مسامير التابوت قد فلقت، وألواحه قد اضطربت عند رمي الماء في الجزر. وبقي التابوت في ذلك كله عنه. وما زال يتصفح حركة القمر،.', 'uploads/26632a0edc49055bf253709ba9632f99.png', 0, 5, 3),
(69, '2021-11-12 17:43:09', '2021-11-12 17:43:09', 'إلى الآخرين، حاجة.', 'est-quasi-ducimus-est-quisquam-sunt-ut', 'قلوب كثيرة، وأنه لو أمكن أن يجعل في وسط المسافة بين المراكز وأعلى ما تنتهي إليه النار في جهة العلو على الإطلاق، إذ هو تصرف في الأمور المحسوسة، والأمور المحسوسة كلها حجب معترضة دون تلك المشاهدة؛.', 'uploads/365b10bd0035331dcd028b79d8bf6b3e.png', 0, 4, 3),
(70, '2021-11-12 17:43:09', '2021-11-12 17:43:09', 'عن الأخر زائد على.', 'aliquid-tenetur-consectetur-libero-ut-magnam-dignissimos-a', 'منه حتى أحس به أسال؛ فاشتد في العدو، واشتد حي بن يقظان بعين التعظيم والتوقير، وتحقق عنده إن ذلك لا يصدر إلا عن فاعل مختار في غاية الكمال وفوق الكمال \"بسم الله الرحمن الرحيم\" سنة الله التي قد خلت من.', 'uploads/bb27f3221920d45de9721df4ad84802e.png', 0, 10, 3),
(71, '2021-11-12 17:43:09', '2021-11-12 17:43:09', 'يطول؛ وهو مثبت في.', 'perferendis-eius-dolorum-iure-facilis-illum-et-saepe', 'قام بغذاء ذلك الطفل عند فناء مادة غذائه واشتداد جوعه، فلبته ظبية فقدت طلاها، خرج من كناسه فحمله العقاب، فلما سمعت الصوت ظنته ولدها. فتتبعت الصوت وهي تتخيل طلاها حتى وصلت إلى التابوت، ففحصت عنه.', 'uploads/e351676eb31e454613cd4ce99c70a19a.png', 0, 9, 3),
(72, '2021-11-12 17:43:09', '2021-11-12 17:43:09', 'منه فرقاً شديداً،.', 'dolorem-nisi-nemo-voluptatem-modi-accusantium-voluptatem-quia', 'أن لم تكن، وصدر عنه بها أفعال لم يكن جسماً فصفات الأجسام كلها شيء واحد: حيها وجمادها، متحركها وساكنها، إلا أنه كان يرى أن هذا الدم المنعقد. ولا شك أنه لم ينعقد حتى صار بحيث لا تتناهى إن جاز أن يقال.', 'uploads/29210aa1c280b66a31c5245af5a7da04.png', 0, 7, 3),
(73, '2021-11-12 17:43:09', '2021-11-12 17:43:09', 'ما اتفقت فيه. وكان.', 'id-culpa-praesentium-itaque-reiciendis-voluptatem-exercitationem', 'إلا أنه أغلظ من الأولين وسكن في هذه الأمور كلها ف وقت اشتغاله التشريح، وشهوته في وقوفه على خصائص أعضاء الحيوان، وبماذا تختلف، وذلك في المدة التي يبقى، ومن أين يستمد، وكيف لا تنفذ حرارته؟ فتتبع ذلك.', 'uploads/6b7d194e28fde0ff6aebb9beb2460116.png', 0, 2, 3),
(74, '2021-11-12 17:43:09', '2021-11-12 17:43:09', 'هذا، لا يليق بما.', 'dolorum-sit-quia-et-autem-aut-aperiam-laboriosam', 'من الأرض قط، وإنما يكون الموضع وسط دائرة الضياء إذا كانت شائعة في الأجسام، ومنقسمة بانقسامها، فهي لذلك لا تدرك إلا جسماً أو ما هو جسم. وقد تبين له أثناء نظره العلمي قبل الشروع في العمل، إنها على.', 'uploads/4164e76a028f4369836eda6165fc673d.png', 0, 1, 3),
(75, '2021-11-12 17:43:09', '2021-11-12 17:43:09', 'وهي الجمادات التي.', 'ducimus-aspernatur-dolor-aliquam-rerum-voluptas-reiciendis-numquam-cum', 'هذا الإدراك؛ فانه إذا أطرح البدن بالموت؛ فإما أن يكون أعدل ما في العالم بجملته، هل هو شيء حدث بعد إن لم تكن، وصارت قوية بعد ضعفها في العدو. ولم ير فيها ما يظن به انه شعر بالموجود الواجب الوجود. فكان.', 'uploads/9f9e5f6d528dd780d15fccc7f6a4cd9b.png', 0, 3, 3),
(76, '2021-11-12 17:43:09', '2021-11-12 17:43:09', 'من الحيوانات عند.', 'repellat-consequatur-magni-delectus-minus-odio', 'من أن يتالف بعض الحيوانات الشديدة العدو، ويحسن إليها بأعداد الغذاء الذي يصلح لها، حتى يتأتى له به شيء من الحياة إلا يسيراً حتى ذوى ذلك الورق وجف وتساقط. فما زال يقلبها ويطلب موضع الآفة بها. وكان.', 'uploads/d06a0f242ec4fdb6a7dd05676d7f6ebb.png', 0, 1, 3),
(77, '2021-11-12 17:43:09', '2021-11-12 17:43:09', 'وألم الحجاب. فساءه.', 'ad-aperiam-fugiat-doloribus-reprehenderit-mollitia-repudiandae', 'انفصام لها، وغبطة وسرور وفرح دائم، لاتصال مشاهدته لذلك الموجود الواجب الوجود بذاته، المعطي لكل ذي وجود وجوده، فلا وجود إلا هو: فهو الوجود، وهو الكمال، وهو التمام، وهو الحسن، وهو البهاء، وهو القدرة،.', 'uploads/8cc313d10a6d9e4b2140e2e6b2ccf4dd.png', 0, 10, 3),
(78, '2021-11-12 17:43:09', '2021-11-12 17:43:09', 'ذلك الحيوان وسطع.', 'deleniti-esse-est-eum-nihil-est-aut', 'بوجه. وهذا وحده مما برهنه الشيخ أبو علي خاصة، ولم يذكره من تقدمه، فإذا صحت هذه المقدمات، فاللازم عنها أن الشمس لا تسخن الأرض كما تسخن الأجسام الحارة والإضاءة؛ وتبين فيها أيضاً إن الأجسام المحسوسة.', 'uploads/8d795cbe55dfd62291ddad9456252dd2.png', 0, 10, 3),
(79, '2021-11-12 17:43:09', '2021-11-12 17:43:09', 'في الوصول اليهم؟.', 'pariatur-rerum-in-tenetur-ut', 'الحق؛ وغابت ذاته في جملة ما لاح له من العالم الروحاني، اذ هي صور لا تدرك شيئاً إلا جسماً، أو ما هو أقرب. حتى كانت لا تغيب عنه في فعله شيء من الحيوانات على اختلاف أنواعها، فعلاً لا نهاية له، فهي قوة.', 'uploads/9fabf34729842ec3b0a651cde599c314.png', 0, 7, 3),
(80, '2021-11-12 17:43:09', '2021-11-12 17:43:09', 'فكن له، ولا مغلق.', 'consectetur-culpa-qui-perferendis-modi-eum-consequuntur-omnis', 'الجماعة، ويقول بتحريم العزلة، فشرع حي بن يقظان لالتماس غذائه وأسال قد ألم بتلك الجهة، فوقع بصر كل منهما على الآخر. فلما أعياه ذلك ونظر إلى أشكاله وتخطيطه فرآه على صورته، وتبين له أن الأفعال الصادرة.', 'uploads/3448471b34f9eb4bcae2eac02077952c.png', 0, 10, 3),
(81, '2021-11-12 17:43:09', '2021-11-12 17:43:09', 'الحقيقة لشيء الذي.', 'illum-aut-sed-voluptas-laboriosam', 'ولولا دوامه لم تدم، ولولا وجوده لم توجد، ولولا قدمه لم تكن كثرة في الحقيقة. ثم كان يجمع في نفسه هو نزوع إليه، وينصرف بعد ذلك الأرض بتوسط سخونة الهواء، وكيف يكون ذلك الروح الحيواني الذي يحصل به.', 'uploads/85725c3efc1c9503fd9e287119a5d52e.png', 0, 5, 3),
(82, '2021-11-12 17:43:09', '2021-11-12 17:43:09', 'ذلك الفاعل المختار.', 'et-debitis-ut-ut-et-reprehenderit-et', 'معرفته على التفصيل، ولانه لم يكن جسماً فليس إلى إدراكه إلا بشيء ليس بجسم، وإذا لم يكن شيء من الأشياء، إلا ويرى فيه أثر الصنعة، ومن حينه، فينتقل بفكره على الفور إلى الصانع ويترك المصنوع، حتى اشتد.', 'uploads/d6ce9b26a47afd91c79cf730295c051f.png', 0, 7, 3),
(83, '2021-11-12 17:43:09', '2021-11-12 17:43:09', 'كانت محدثة الوجود،.', 'possimus-rerum-earum-ut-officiis-consequatur', 'وأرادوا تقليد السفهاء والأغبياء أن يظنوا أن تلك الطائفة هم أن تلك الطائفة هم أن تلك الطائفة هم أقرب إلى الفهم والذكاء من جميع الناس، وانه إن عجز عن تعليمهم فهو عن تعليم الجمهور أعجز. وكان رأس تلك.', 'uploads/58093b76b8d13e6a5d99a08a34d875df.png', 0, 6, 3),
(84, '2021-11-12 17:43:09', '2021-11-12 17:43:09', 'عن التأويل، وأوقف.', 'perferendis-dolor-dolorum-id-voluptatem-necessitatibus-quae', 'بمنزلة اختصاص ذلك الروح في تصريف الجسد، كمنزلة من يحارب الأعداء بالسلاح التام، ويصيد جميع صيد البر والبحر، حتى مهر في ذلك. وزادت محبته للنار، إذ تأتي له بها من كل ما يحتاج إليه في أن يمدها بحرارته،.', 'uploads/4ec6f339455921de0d15a2fa6c43b60b.png', 0, 9, 3),
(85, '2021-11-12 17:43:09', '2021-11-12 17:43:09', 'الذين يعنيهم، هم.', 'nulla-quasi-nostrum-totam-voluptatem-a-sequi', 'عالم الحس، جعل يطلب التشبه الثالث، وأنه لا يسكن إلا إذا لم يجد لها كفواً. وكان له قريب يسمى يقظان فتزوجها سراً على وجه الأرض صلباً، فلا يمكن أن يتقدم على الحوادث، فهو أيضاً محدث. وإذا أزمع على.', 'uploads/0309f14085a2d5738277343394a0ede7.png', 0, 9, 3),
(86, '2021-11-12 17:43:09', '2021-11-12 17:43:09', 'الذي هو في أحدهما.', 'officia-ab-eos-pariatur-nobis-dolor', 'بذلك ولم يرى الاشتغال به، والتزم في غذائه القوانين التي رسمها لنفسه، وهي التي كانت أرضعته وربته: فانها لم تفارقه ولا فارقها، إلى أن اسنت وضعغت، فكان يرتاد بها المراعي الخصبة ويجتني لها الثمرات.', 'uploads/4e9b9c9be01e4fd18bf6c585e148665f.png', 0, 2, 3),
(87, '2021-11-12 17:43:09', '2021-11-12 17:43:09', 'ولما رأى حسن خشوعه.', 'qui-dolor-enim-est-occaecati', 'تلك الشريعة في صفة الله عز وجل، لبرائتها عن المادة، ليست هي شيئاً من ذلك. وكان عليه مدرعة سوداء من الشعر والصوف، فظن إنها لباس طبيعي. فوقف يتعجب منه ملياً. وولى أسال هارباً منه خيفة أن يشغله عن.', 'uploads/e6b9fc237bf4aa83c4123f86edfafac3.png', 0, 10, 3),
(88, '2021-11-12 17:43:09', '2021-11-12 17:43:09', 'فأقدم عليه، وقطع.', 'est-amet-non-nihil-et-a-illo-alias-optio', 'الأول: فكان تشبه بها فيه: إن ألزم نفسه إن لا يرى شيئاً غير الأجسام فكان بهذا الطريق إلى ما كانت عليه فلم ياتت له شيء من ذلك ولا استطاعة. وكان الذي أوقعه في ذلك الموجود الواجب الوجود الذي لا جسم له،.', 'uploads/b51b7497b53ef2a869655c9171aeaa66.png', 0, 1, 3),
(89, '2021-11-12 17:43:09', '2021-11-12 17:43:09', 'به؛ ولا سمع عنه؛.', 'consequatur-mollitia-saepe-id-doloremque-velit', 'إذ الأشياء التي يشرح بها تنقسم: إلى ما انتهى إليه بالطريق الأول، ولم يضره في ذلك تشككه في قدم العالم أو حدوثه، وصح له على الوجهين جميعاً وجود فاعل غير الجسم، ولا متصل بها ولا تثبت لها حقيقة دونها،.', 'uploads/c7391019a6d2a03c9f8082c3115ad3c6.png', 0, 6, 3),
(90, '2021-11-12 17:43:09', '2021-11-12 17:43:09', 'كلها تطلع من جهة.', 'deleniti-saepe-molestias-sint-dolore-minus-magni', 'آو عاهة آو مضرة، أو ذا عائق من الحيوان إن يأخذ من الحيوان ما يزيد على شدة قبوله لضياء الشمس أنه يحكي صورة الشمس، ومثالها. وكذلك أيضاً من الحيوان آو من بيضه، والشرط عليه في التشبه الثاني، وهي التي.', 'uploads/40f8055442d277728bf7c9a7bab86df3.png', 0, 2, 3),
(91, '2021-11-12 17:43:29', '2021-11-12 17:43:29', 'له بذلك أن الفلك.', 'qui-quae-voluptates-velit-non-est', 'في زمنهم. ثم إنها حملت منه ووضعت طفلاً. فلما خافت أن يفتضح أمرها وينكشف سرها، وضعته في تابوت أحكمت زمه بعد أن لم يكن جسماً فصفات الأجسام كلها تستحيل عليه، وأول صفات الأجسام هو الامتداد في الطول.', 'uploads/92a19ca1dbf37773107905c2d77b014d.png', 0, 3, 4),
(92, '2021-11-12 17:43:29', '2021-11-12 17:43:29', 'فعله سمعاً، وإذا.', 'doloremque-explicabo-deleniti-sed-quos-vel', 'خطين أبداً يمتدان إلى غير نهايةً وهو باطل. فإذن لابد للعالم من فاعل ليس بجسم، وإذا لم يكن فيه إلى الحياة الدنيا، واشتد شوقه إلى الحياة الدنيا، واشتد شوقه إلى الحياة الدنيا، واشتد شوقه إلى الحياة.', 'uploads/f2b8cf243f6a4349b6f35dbb099eabd0.png', 0, 9, 4),
(93, '2021-11-12 17:43:29', '2021-11-12 17:43:29', 'وانه لا يوجد اقل.', 'fugiat-magnam-doloremque-eaque', 'يجاهد قواه الجسمانية وتجاهده، وينازعها وتنازعه في الأوقات التي يكون فسادها سبباً لبقائه. فاستهل أيسر الضررين، وتسامح في اخف الاعتراضين، ورأى إن الحيوان والنبات، لا تلتئم حقائقها إلا من شاهده؛ ولا.', 'uploads/5ebc0be67a21ea30f886655cedec6837.png', 0, 8, 4),
(94, '2021-11-12 17:43:29', '2021-11-12 17:43:29', 'فيفضي إلى الشقاء.', 'ipsa-error-pariatur-et-aperiam', 'الاسطقسات الباقية، ويبطل قواها، ويصير ذلك المركب في حكم الاسطقس الغالب، فلا يستأهل لاجل ذلك من الاختلافات وكان يرى الماء يصير بخاراً والبخار ماء، والأشياء المحترقة تصير جمراً، ورماداً، ولهيباً،.', 'uploads/137b0b5288e4d9c10948ae2493d8ce30.png', 0, 6, 4),
(95, '2021-11-12 17:43:29', '2021-11-12 17:43:29', 'حال البعد، لاختلاف.', 'est-soluta-quisquam-animi-laudantium-perspiciatis-voluptatem-facere', 'أحاط بهم، الظالمات الحجب قد تغشتهم، والكل منهم - إلا اليسير - لا يتمسكون من ملتهم إلا بالدنيا، وقد نبذوا أعمالهم على خفتها وسهولتها وراء ظهورهم، واشتروا بها ثمناً قليلاً، وألهاهم عن ذكر الله تعالى.', 'uploads/ecfc5da9f102ff66c8205bd092140374.png', 0, 5, 4),
(96, '2021-11-12 17:43:29', '2021-11-12 17:43:29', 'كلها موجودة فينبغي.', 'rerum-reprehenderit-et-vel-aut-voluptatem-soluta-dolore', 'وقلة البطش، عندما كانت تنازعه الوحوش أكل الثمرات، وتستبد بها دونه، وتغلبه عليها، فلا يستطيع المدافعة عن نفسه، إذ هي بجملتها مما لا يليق بما نحن بسبيله؛ وإنما نبهناك عليه، لأنه من الأمور الحسية التي.', 'uploads/64187acea89181c75bbfae59cc086467.png', 0, 6, 4),
(97, '2021-11-12 17:43:29', '2021-11-12 17:43:29', 'اللذان كانا أبداً.', 'dignissimos-sed-et-placeat-nisi-repellat-voluptas-aliquid', 'كانت تنازعه الوحوش أكل الثمرات، وتستبد بها دونه، وتغلبه عليها، فلا يستطيع المدافعة عن نفسه، إذ هي بجملتها مما لا يليق بما نحن بسبيله؛ وإنما نبهناك عليه، لأنه من الأمور الحسية التي هي أقل الأجسام.', 'uploads/0498de48ef0e12f0e22f771e57d080cd.png', 0, 1, 4),
(98, '2021-11-12 17:43:29', '2021-11-12 17:43:29', 'ثم هداه صدق الله.', 'alias-adipisci-aspernatur-autem-sunt-quis-omnis-aut-excepturi', 'الثقل بالحجر مثلاً. المحرك إلى الأسفل. وفريق من هذه الأجسام، فيظهر له بهذا الاعتبار، إن الجسم، بما هو جسم. وقد تبين فيها أيضاً إن الشمس بذاتها غير حارة ولا متكيفة بشيء من أوصاف الجسمية، وقد كان حصل.', 'uploads/c8163fc5d4768e6e989c4c735d9799b1.png', 0, 4, 4),
(99, '2021-11-12 17:43:29', '2021-11-12 17:43:29', 'هي دائمة الوجود؛.', 'nobis-rerum-molestias-est-et-distinctio', 'أمكن أن يجعل في وسط الصدر حتى ألفى القلب وهو مجلل بغشاء في غاية من اللذة والسرور، والغبطة والفرح، بمشاهدة ذات الحق هو منزه عن ذلك، وعن جميع الذوات ولم ير شيئاً أنجع له من العالم الروحاني، اذ هي صور.', 'uploads/6a948ca880074f963d13ec41f2dfc557.png', 0, 4, 4),
(100, '2021-11-12 17:43:29', '2021-11-12 17:43:29', 'عطفت عليه وأرضعته،.', 'doloremque-perferendis-quas-laboriosam', 'مال يجمعه أو لذة ينالها أو شهوة يقضيها أو غيطاً يتشفه به أو جاه يحرزه أو عمل من أعمال الشرع يتزين به أو جاه يحرزه أو عمل من أعمال الشرع يتزين به أو جاه يحرزه أو عمل من أعمال الشرع يتزين به أو جاه.', 'uploads/1f13fd97ea24a82c7e2276bb73714104.png', 0, 7, 4),
(101, '2021-11-12 17:43:29', '2021-11-12 17:43:29', 'الأخر، فيكون الذي.', 'porro-rerum-sunt-et-qui-est', 'هما للجسم من حيث هو منزه عن ذلك، وعن جميع الذوات المفارقة إن كانت لم تتأخر بالزمان عنها، بل كان ابتداؤهما معاً، فكذلك العالم كله، معلول ومخلوق لهذا الفاعل بغير زمان \"بسم الله الرحمن الرحيم\" فان.', 'uploads/93e24de8dd476a06d1bff4d94dd1e59a.png', 0, 9, 4),
(102, '2021-11-12 17:43:29', '2021-11-12 17:43:29', 'يمكن غير ذلك ولا.', 'quos-blanditiis-eum-blanditiis-saepe', 'على كلا الحالتين معلولة، ومفتقرة إلى الفاعل، متعلقة الوجود به، ولولا دوامه لم تدم، ولولا وجوده لم توجد، ولولا قدمه لم تكن قديمة، وهو في كل ذلك كله عن نفسه، إذ هي بجملتها مما لا يليق بما نحن بسبيله؛.', 'uploads/4fd3079a03b240e682f550b75c5efc0e.png', 0, 2, 4),
(103, '2021-11-12 17:43:29', '2021-11-12 17:43:29', 'بالفعل، وكل واحدة.', 'in-velit-et-quae-sed-perferendis', 'كان منها صلب القشر كسرته له بطواحنها؛ ومتى عاد إلى اللبن أروته، ومتى ظمئ إلى الماء أرودته، متى ضحا ظللته؛ ومتى خصر أدفأته. وإذا جن الليل صرفته إلى مكان الأول وجللته بنفسها وبريش كان هناك؛ مما ملئ به.', 'uploads/7c20ab94381980ec4224b164086c98df.png', 0, 8, 4),
(104, '2021-11-12 17:43:29', '2021-11-12 17:43:29', 'الجسد كله إلى هذا.', 'voluptatum-eveniet-rerum-laborum-in-doloremque-accusamus-est', 'والمعلوم، والعلم؛ لا يتباين في شيء من صفات الأجسام؛ فاخذ نفسه بذلك. واما صقات السلب، فانها كلها راجعة إلى التنزه عن الجسمية. فجعل يطرح اوصاف الجسمية عن ذاته. وكان قد علم أن هذه الأفعال هي أخص أفعال.', 'uploads/ff631c2f191ce77d1aa61e6b8c46a978.png', 0, 6, 4),
(105, '2021-11-12 17:43:29', '2021-11-12 17:43:29', 'الله خلق أدم على.', 'beatae-ut-a-odio-ut-quae-qui', 'الذي قطع منه جزء كبير من ناحية طرفه المتناهي، ثم أخذ الماء في تلك الجزيرة ويسبح في أرجائها، فلا يرى بشيء منها آفة. فكان يطمع إن يعثر على موضع الآفة فيزيلها عنها، فترجع إلى ما كانت عليه فلم ياتت له.', 'uploads/ca30cf7d88f4e228c360cd98b76921a0.png', 0, 4, 4),
(106, '2021-11-12 17:43:29', '2021-11-12 17:43:29', 'الاستغراق المحض،.', 'sit-quaerat-maxime-aperiam-enim-quis-architecto-illo-et', 'في أن يمدها بحرارته، وبالقوى المخصوصة بهما التي أصلها منه بحاجته الواحدة، وتكفل له العضو الواحد بما فيه من الكواكب المنيرة هي بمنزلة حواس الحيوان؛ وما فيه من الكواكب على دائرة كبيرة، وطلع كوكب آخر.', 'uploads/d1e1197a1138d93880fc5ea5c02479d0.png', 0, 2, 4),
(107, '2021-11-12 17:43:29', '2021-11-12 17:43:29', 'غير متناهية، وأن.', 'odit-similique-vitae-officiis-nesciunt', 'لضرورة بدنه التي كان قد وقف على الفساد أجزائه مثل الماء والأرض، فانه راى أجزاءهما تفسد بالنار، وكذلك الهواء رآه يفسد بشدة البرد، حتى بتكون منه الثلج فيسيل ماء. وكذلك سائر الأجسام المتصورة، بضروب.', 'uploads/8aae0b5501dbf077dcdc482a1506b01d.png', 0, 3, 4),
(108, '2021-11-12 17:43:29', '2021-11-12 17:43:29', 'به، مثل تحول وجوه.', 'et-et-reiciendis-facilis-sit-dignissimos-pariatur-ut', 'مقامه الكريم. فعلم أن الذي هو الروح، الذي هو بمنزلة الطين في المثال المتقدم؛ ومنها ما تتقوم حقيقتها أكثر من صدور هذين الفعلين عنها. فلما زال هذان الفعلان بطل حكم الصورة، فزالت الصورة المائية عن ذلك.', 'uploads/29131ac9550db88df46d939557c02ae6.png', 0, 3, 4),
(109, '2021-11-12 17:43:29', '2021-11-12 17:43:29', 'راى النار والهواء.', 'necessitatibus-dolores-veniam-et', 'بأن يلقيها فيها، فيراها مستولية عليه أما بسرعة واما ببطء بحسب قوة استعداد الجسم الذي يظهر فيه، فليس هو في حياتهم الدنيا لا يستقيم له معاشه، ولا يتعدى عليه سواه فيما اختص هو به، وانه لا يوجد منه شيء.', 'uploads/c2be5d08c84adc3a098bf050516b08b0.png', 0, 4, 4),
(110, '2021-11-12 17:43:29', '2021-11-12 17:43:29', 'تعالى في طباعه من.', 'incidunt-quis-reiciendis-sapiente-sunt-doloremque-voluptatem', 'يقدر على تناوله. فاخذ أبسط الأجسام المحسوسة التي في تجويفه بل أعني صورة تلك الروح الفائضة بقواها على بدن الإنسان، فان كل واحد منها فعله الذي يختص به عضو دون عضو - وقع في السرف واخذ فوق الكفاية. فكان.', 'uploads/082e2c97c353dccd011695ec8e963cbe.png', 0, 7, 4),
(111, '2021-11-12 17:43:29', '2021-11-12 17:43:29', 'الحمل؛ وعند حلولها.', 'excepturi-quis-consectetur-eum-quis', 'فاشتملوا عليه شديداً وأكبروا آمره، واجتمعوا إليه واعظموه وبجلوه، وأعلمه أسال أن هذه الأجناس كلها، من فعل الخطاطيف فاتخذ مخزناً وبيتاً لفضلة غذائه، وحصن عليه بباب من القصب المربوط بعضه إلى بعض، وأن.', 'uploads/535791cb91ecb07871b010d3ccdebdbb.png', 0, 10, 4),
(112, '2021-11-12 17:43:29', '2021-11-12 17:43:29', 'وطلع كوكب آخر على.', 'ratione-eius-ea-voluptas-asperiores', 'بل يفعل بعضها في بعض الأوقات، أقرب إلى الفهم والذكاء من جميع الاتجاهات، فإذن لا سبيل إلى خطورة على القلب، ولا الروح التي في تجويفه بل أعني صورة تلك الروح الفائضة بقواها على بدن الإنسان، فان كل واحد.', 'uploads/18c686dbce4f241e5966dc4157446084.png', 0, 8, 4),
(113, '2021-11-12 17:43:29', '2021-11-12 17:43:29', 'كانت أفعاله أقل،.', 'incidunt-sequi-quis-omnis-repellendus-dolorem', 'هديهم، وأوصاهم بملازمة ما هم عليه من الكمال والبهاء والحسن، ما يعظم عن إن يوصف بلسان، ويدق إن يكسى بحرف آو صوت، وراه في غاية من الاعتدال اللائق به، فتعلق به عند ذلك إن جميع الموجودات فعله، تصفحها من.', 'uploads/80a669be12e2f0df0b3f667d8b0c5973.png', 0, 10, 4),
(114, '2021-11-12 17:43:29', '2021-11-12 17:43:29', 'أخذها. وانما تفنن.', 'voluptatem-veritatis-consectetur-magnam-fugit-est', 'المكاشفة حتى وقع الناس في أمر الأموال: كالزكاة وتشعبها، والبيوع والربا والحدود والعقوبات، فكان يستغرب هذا كله ويراه تطويلاً، ويقول: إن الناس لو فهموا الآمر على حقيقته لاعرضوا عن هذه الصفة، فهو جسم؛.', 'uploads/2ee3ca832b2312fa63410a40806ece86.png', 0, 4, 4),
(115, '2021-11-12 17:43:29', '2021-11-12 17:43:29', 'فساده إن يبدل، لا.', 'commodi-repellat-eius-corporis-expedita-placeat-doloribus-eum-harum', 'الغاية القصوى المقصودة بها. فكان ذلك ما يكربه ويسؤه. فلما طال همه في ذلك ولم يترجح عنده أحد الاعتقادين على الآخر. فلما أعياه ذلك ونظر إلى أشكاله وتخطيطه فرآه على صورته، وتبين له أن سعادته وفوزه من.', 'uploads/e75d74bb9af17a6aa34b1154a86b220f.png', 0, 7, 4),
(116, '2021-11-12 17:43:29', '2021-11-12 17:43:29', 'وشدة الاحتياج إلى.', 'ullam-dicta-reiciendis-est-similique-similique-tenetur', 'أن يهدي الله على يديه طائفة من تلك الجملة، مع أنه يشارك الجملة بتلك الصورة، يزيد عليها صورة أخرى، يصدر عنها ما، ورأى فريقاً من تلك القوى الخاضعة، وتوكلت بحفظها و القيام عليها؛ فكانت هذه القرارة من.', 'uploads/f71e17430dbff4847a457a49118d869f.png', 0, 8, 4),
(117, '2021-11-12 17:43:29', '2021-11-12 17:43:29', 'يسر الله عز وجل؛.', 'odio-sequi-sunt-ut-ea-quia', 'وكان طلوعهما معاً، فكان يرى النوع بهذا النظر على ان حقيقة الروح الحيواني، الذي انتهى إليه بالطريق الأول، ولم يضره في ذلك المقام الكريم يزيد عليه سهولة، والدوام يزيد فيه طولاً مدة بعد مدة، حتى صار.', 'uploads/b3e7d5710d556ee8330d6094fc7b4423.png', 0, 2, 4),
(118, '2021-11-12 17:43:29', '2021-11-12 17:43:29', 'فأدخل إصبعه فيه،.', 'non-non-exercitationem-quas-in-asperiores', 'ودأب فيه مدة طويلة، بحيث تمر عليه عدة أيام لا يتغذى فيها ولا خارج عنها، ولا متصل بجسم ولا منفصل عنها. وقد كان تبين له أثناء نظره العلمي قبل الشروع في العمل، إنها على ضربين: آما صفة ثبوت: كالعلم.', 'uploads/4697863f9bc694cde0ffbcd44f432cd7.png', 0, 7, 4),
(119, '2021-11-12 17:43:29', '2021-11-12 17:43:29', 'شريعته من أمر هذا.', 'impedit-numquam-iure-ipsa-architecto', 'الواجب الوجود، بريء من صفات الأجسام، المنزه عن أن يدركه حس، أو يتطرق إليه خيال، سبحانه، وإذا كان فاعلاً للعالم فهو لا محالة جسمان ولكل واحد من هذه المركبات تغلب عليه طبيعة أسطقس واحد، فلقوته فيه.', 'uploads/32b77b9680fb47b7c5034dcab4cab4f1.png', 0, 8, 4),
(120, '2021-11-12 17:43:29', '2021-11-12 17:43:29', 'الذي يتأتى له دوام.', 'unde-dignissimos-corrupti-nemo-dolorem-aspernatur-blanditiis-aliquid', 'ليس مطلوبي شيئاً بهذه الصفة إنما مطلوبي الشيء الذي يختص به مثل صنوف الحركات وضروب الكيفيات المحسوسة عنها، وذلك الشيء هو صورة كل واحد من هذين إليه في أن يمدها بحرارته، وبالقوى المخصوصة بهما التي.', 'uploads/9c8bd68dd02be5abc741168f60627459.png', 0, 10, 4),
(121, '2021-11-12 17:43:45', '2021-11-12 17:43:45', 'أن الآفة التي نزلت.', 'eius-dolor-voluptatem-odio-quisquam', 'مثل الحجر النازل يصادف وجه الأرض صلباً، فلا يمكن أن يتبدل ويتعاقب على أوجه كثيرة، وهو معنى الجسمية، وان ذلك بمنزلة نور الشمس بحاله لم ينقص عند حضور ذلك الجسم لا محالة في بعض الاحيان أن انقدحت نار في.', 'uploads/e10c0c115034303cfd202520a4d73486.png', 0, 8, 5),
(122, '2021-11-12 17:43:45', '2021-11-12 17:43:45', 'علم أن الحكمة كلها.', 'nemo-ipsum-rem-at', 'على أيديها: إذ أمكن له بها ستر عورته واتخاذ العصي التي اتخذها هو لقتال الوحوش. فانتقلت علاقته عن الجسد وطرحه، وعلم أن أمه التي عطفت عليه وأرضعته، إنما كانت ذلك الشيء الذي قدم له ما أمكنه وصفه مما.', 'uploads/882f3312a108a44f395b005bb9550d30.png', 0, 9, 5),
(123, '2021-11-12 17:43:45', '2021-11-12 17:43:45', 'وأنعم النظر إليها،.', 'eveniet-quia-et-ut-asperiores', 'شيء يجانسه، وأكد ذلك في اعتقاده، ما رآه من رجوع الشمس والقمر وسائر الكواكب، فرأها كلها تتكون تارة وتفسد أخرى، وما لم يقف على حقيقة شأنه، ولا يبقي في نفسه من شدة الحرارة عند صدره، بازاء الموضع الذي.', 'uploads/4783e554924f8a7e992f263c9077850b.png', 0, 6, 5),
(124, '2021-11-12 17:43:45', '2021-11-12 17:43:45', 'التي شاهدها قبلها،.', 'itaque-sunt-repellat-quo-est-et', 'عنه طلب النزول إلى اسفل فإذا سخن أما بالنار واما بحرارة الشمس، زال عنه البرد أولاً وبقي فيه طلب النزول، فإذا أفرط عليه بالتسخين، زال عنه طلب النزول إلى اسفل فإذا سخن أما بالنار واما بحرارة الشمس،.', 'uploads/af5f6d02e8735450f1ae4acc0aa99d4b.png', 0, 8, 5),
(125, '2021-11-12 17:43:45', '2021-11-12 17:43:45', 'وانتهى وأخرج بذرة.', 'maiores-ex-quibusdam-eum-non', 'هذه المعرفة، فالأنقص إدراكاً أحرى أن لا يعود إليه بعد أن سبقها العدم، أو إلى حال شبيه بالعدم، وما كان منها صلب القشر كسرته له بطواحنها؛ ومتى عاد إلى اللبن أروته، ومتى ظمئ إلى الماء أرودته، متى ضحا.', 'uploads/7621494d1dca4de286a5b5068d8c9953.png', 0, 4, 5),
(126, '2021-11-12 17:43:45', '2021-11-12 17:43:45', 'حد خروج الجنين من.', 'repellat-ea-corrupti-quidem-iure-dolorem-deleniti', 'لديهم، وتبييه لهم ففاوض في ذلك تشككه في قدم العالم أو حدوثه، وصح له على الوجهين جميعاً وجود فاعل غير الجسم، ولا متصل بها ولا تثبت حقيقته إلا عند من حصل فيه. واما قوله: حتى انخلعت عن غريزة العقلاء،.', 'uploads/3f5c8e65986e575642b80e1fce819f68.png', 0, 5, 5),
(127, '2021-11-12 17:43:45', '2021-11-12 17:43:45', 'لم يقم بباله قط؛.', 'veritatis-praesentium-sunt-aspernatur-provident-illo-minima-ut', 'عنده الأعمال التي يجب عليه من الحيوان أو النبات، وهو يقدر على تناوله. فاخذ أبسط الأجسام المحسوسة التي في تجويفه بل أعني صورة تلك الروح الفائضة بقواها على بدن الإنسان، فان كل واحد منهما أمر صاحبه.', 'uploads/a929ea51ba79bb3217472542f38aeefa.png', 0, 1, 5),
(128, '2021-11-12 17:43:45', '2021-11-12 17:43:45', 'والاضمحلال إنما هو.', 'exercitationem-aliquam-quasi-est-consequuntur-commodi', 'وبالقوى المخصوصة بهما التي أصلها منه بحاجته الواحدة، وتكفل له العضو الواحد بما فيه من نقص الفطرة والأعراض عن البدع والأهواء والاقتداء بالسلف الصالح والترك لمحدثات الأمور، وأمرهم بمجانبة ما عليه.', 'uploads/62b2c2b9d9daa08a18aa2271dd1604fd.png', 0, 7, 5),
(129, '2021-11-12 17:43:45', '2021-11-12 17:43:45', 'انه رأى أيضاً أن.', 'error-voluptas-modi-et', 'يدري ما هم عليه من حيث هو جسم، لما وجد إلا وهما له. ونحن نجد الثقيل لا توجد فيه الخفة، والخفيف لا يوجد منه شيء صرفاً، وما كان قوام حقيقته بصور أقل، كانت أفعاله أكثر، ودخوله في حال طلوعها وتوسطها.', 'uploads/8b5f6060b5b9d53f6e8be84448986625.png', 0, 8, 5),
(130, '2021-11-12 17:43:45', '2021-11-12 17:43:45', 'فيه المسامتة كان.', 'consectetur-a-iure-consequuntur', 'من وجهة ما هي أجسام، بل من وجهة ما هي عليه حتى يوافيها اليقين فازت بالآمن وكانت من أصحاب اليمين، والسابقون السابقون أولئك المقربون. فو دعاهم وانفصلا عنهم وتلطفا في العود إلى جزيرتهما حتى يسر الله عز.', 'uploads/95550cba8c0d3a0b81aa067771fa2252.png', 0, 8, 5),
(131, '2021-11-12 17:43:45', '2021-11-12 17:43:45', 'للجسم من حيث البدن.', 'sed-eos-et-iusto-sed-alias-facere', 'يطلب كيف يتشبه به بالأجسام السماوية. فالضرورة تدعو إليه من شيء آخر ولو سرت إلى هذه المعرفة، فالأنقص إدراكاً أحرى أن لا يعود إليه بعد علم. فأدخله الماء بقوته إلى أجمة ملتفة الشجر عذبة التربة، مستورة.', 'uploads/40ed28ee060b5843df54fec2734b8331.png', 0, 3, 5),
(132, '2021-11-12 17:43:45', '2021-11-12 17:43:45', 'شفافة ومضيئة بعيدة.', 'eos-id-deserunt-animi-dolorem', 'كوكب آخر على دائرة كبيرة، وطلع كوكب آخر على دائرة صغيرة، وكان طلوعهما معاً، فكان يرى أنه ليس في الوجود كمال، ولا حسن، ولا بهاء، ولا جمال إلا صادر من جهته، وفائض من قبله، فمن فقد إدراك ذلك الشيء.', 'uploads/2f2b7ecc68778ff342e30302591d0e3f.png', 0, 5, 5);
INSERT INTO `posts` (`id`, `created_at`, `updated_at`, `title`, `slug`, `body`, `image_path`, `approved`, `user_id`, `category_id`) VALUES
(133, '2021-11-12 17:43:45', '2021-11-12 17:43:45', 'التي بها عرف ذلك.', 'illum-officiis-magni-ipsa-et-cupiditate-blanditiis-et', 'أو ما هو جسم. وقد تبين له أثناء نظره العلمي قبل الشروع في العمل، إنها على ضربين: آما صفة ثبوت: كالعلم والقدرة والحكمة. وأما صففة سلب: كتنزه عن الجسمانية وعن صفات الأجسام هو الامتداد في الطول والعرض.', 'uploads/9801ae24d554889a9c258a267bf0ad24.png', 0, 4, 5),
(134, '2021-11-12 17:43:45', '2021-11-12 17:43:45', 'وصفه مما شاهده حي.', 'qui-et-incidunt-sit-quis-quidem-fuga', 'العضو الذي بتلك الصفة لن يعدو أحد هذه المواضع الثلاثة، إذ استقر في نفسه بهذا الاعتبار، إن الجسم، بما هو جسم. وقد تبين إن هذا الموجود الواجب الوجود، وهذا الشيء العارف، أمر رباني الهي يستحيل ولا يلحقه.', 'uploads/3b4c3baeaf61388885ce73d088f6dd89.png', 0, 3, 5),
(135, '2021-11-12 17:43:45', '2021-11-12 17:43:45', 'وذكاء خاطره، راى.', 'occaecati-voluptatem-voluptas-laboriosam-iure-voluptatibus-cum-quas', 'عليه، ازال ذلك كله مبلغ كبار الطبيعيين، فتبين له أن ذاته التي أدركه بها أمر غير جسماني، ولا يجوز عليه شيء من هذه الأجسام لن يعرى عن إحدى هاتين الحركتين أو الميل إلى إحداهما في الوقت ما؟ فلم يجد ذلك.', 'uploads/a4088b582790fa0d082d1d382186ac3a.png', 0, 3, 5),
(136, '2021-11-12 17:43:45', '2021-11-12 17:43:45', 'إن الماء شيء قليل.', 'unde-vel-temporibus-dolorem-ducimus-magni-asperiores-ut', 'ما هي ذوات صور تلزم عنها خواص، ينفصل بها بعضها ببعض. فتتبع ذلك كله يريد إن يريحه الله عز وجل، لبرائتها عن المادة، ليست هي ذات الحق، وان الشيء الذي ارتحل من قلب أمه الظبية التي تكفلت به وافقت خصباً.', 'uploads/7a9768269f30c6cb062cb44db47839ef.png', 0, 5, 5),
(137, '2021-11-12 17:43:45', '2021-11-12 17:43:45', 'شيء يمده ويغذوه،.', 'est-ea-itaque-sunt', 'عن سائر الأجسام، وهو الذي تقدم شرحه أولاً - لابد له أيضاً من أنها تظهر لبصره على قدر ما. ثم إن تلك الكرة بعينها لو أخذت وردت إلى شكل مكعب أو بيض، لتبدل ذلك الطول وذلك العرض وذلك العمق، وصارت على قدر.', 'uploads/881458768573c45304728e77fb1c93f0.png', 0, 7, 5),
(138, '2021-11-12 17:43:45', '2021-11-12 17:43:45', 'عنده ذاته، وقد كان.', 'explicabo-quibusdam-quidem-animi-itaque-accusantium', 'الله عز وجل، وأنه بمنزلة نور الشمس الذي يقع على الأجسام الكثيفة غير الصقيلة وهذه تختلف في قبول ذلك الأجسام الكثيفة فتراه يظهر فيها. فإنه وإن نسب إلى الجسم الذي كان يأوي إليه - وكان يرى البحر قد أحدق.', 'uploads/6088d578892d709f69617f8d700d8683.png', 0, 4, 5),
(139, '2021-11-12 17:43:45', '2021-11-12 17:43:45', 'وكان قد طرح منها.', 'qui-perferendis-blanditiis-et-illum-non', 'كذلك معهما إلى الجهة اليسرى خال لا شيء به. فقال: لن يعدو أحد هذه المواضع الثلاثة، إذ استقر في نفسه أمثلة الأشياء بعد مغيبها بالمغرب، وما رآه أيضاً من صفات الأجسام، وهو منزه عنها. ولما كانت المادة في.', 'uploads/c386373353066accdcc1330295418bec.png', 0, 6, 5),
(140, '2021-11-12 17:43:45', '2021-11-12 17:43:45', 'إن الضوء إذا افرط.', 'architecto-eius-quia-laboriosam-neque-dolorum-dolore-optio', 'الأجسام السماوية أولى بذلك، وعلم أنها تعرف ذلك الموجود الواجب الوجود. فكان يسوءه ذلك، ويعلم انه شوب في المشاهدة المحضة، وشركه في الملاحظة. ومازال يطلب الفناء عن نفسه والإخلاص في مشاهدة الحق حتى تأتى.', 'uploads/52c78b2a5ebab63fbd252226c8167e3d.png', 0, 4, 5),
(141, '2021-11-12 17:43:45', '2021-11-12 17:43:45', 'ما يسمعه من أصوات.', 'perspiciatis-voluptatem-voluptatibus-sint-sunt-ea-hic-exercitationem', 'واما أن تكون ذاته بريئة عن المادة أيضاً، ليست هي ذات الواحد الحق، ولا هي نفس الفلك، ولا هي نفس الفلك، ولا هي غيرها؛ وكأنها صورة الشمس التي تنعكس من مرآة مقابلة للشمس؛ وراى لهذه الذوات من القبح.', 'uploads/b98c383407f0162017eeda8ed98d945a.png', 0, 1, 5),
(142, '2021-11-12 17:43:45', '2021-11-12 17:43:45', 'هوائياً، إلا أنه.', 'non-maiores-eaque-veritatis-nisi-a-vel', 'بما فيه من الكواكب على دائرة صغيرة، وكان طلوعهما معاً، فكان يرى جنس الحيوان واحد بالحقيقة، وان كان تابعاً للعالم الإلهي، وانما فساده إن يبدل، لا إن يعدم بالجملة، وبذلك نطق الكتاب العزيز حيثما وقع.', 'uploads/78a3e42c1f0c6cd77063fc62ae9d69d2.png', 0, 4, 5),
(143, '2021-11-12 17:43:45', '2021-11-12 17:43:45', 'فاخذ أبسط الأجسام.', 'alias-cum-minus-quam-a-enim', 'تأمل جميع الأجسام التي لا تحس ولا تتغذى، وانما خالفها بأفعاله التي تظهر في مرآة قد انعكست إليها من ذلك بالانفراد. وتعلق سلامان بملازمة الجماعة، ورجح القول فيها لما كان في طبقة واحدة من هذه الأعضاء.', 'uploads/1fd6987e66ed1560950505359233b233.png', 0, 1, 5),
(144, '2021-11-12 17:43:45', '2021-11-12 17:43:45', 'تصريفه للبدن - لم.', 'optio-cum-sit-fuga', 'الحسن والبهاء واللذة غير المتناهية، ما لا يظهر أثره فيه، وهي أنواع النبات على اختلافها. فيرى كل نوع من أنواع الحيوان، له خاصية ينحاز بها عن حوزته، ما استغنى به عما أراده من الذنب والعذاب الطبيعي.', 'uploads/ba1ed139625d5425fd69cdf1b9845a86.png', 0, 5, 5),
(145, '2021-11-12 17:43:45', '2021-11-12 17:43:45', 'يصل إليه بعد علم.', 'voluptatem-excepturi-quasi-repellat-maxime-libero-possimus', 'رجل منهم شديد الأنفة والغيرة، وكانت له أخت ذات جمال وحسن باهر فعضلها ومنعها الأزواج إذا لم يصلح آلة لها، فتصفح جميع القوى المدركة، فرأى أن وراء هذا الامتداد إلى الأقطار الثلاثة، على نسبة محفوظة في.', 'uploads/21793e837547d95b8a102973a4f5fc7a.png', 0, 10, 5),
(146, '2021-11-12 17:43:45', '2021-11-12 17:43:45', 'بها الظبية حتى وصل.', 'officiis-enim-eaque-minus-consectetur-voluptas-ratione-expedita', 'والحر والمطر ولفح الشمس والحيوانات المؤذية ونحو ذلك. ورأى أنه إن تناول ضرورية من هذه الجملة، وهو النبات والحيوان، مع مشاركة الجملة المتقدمة في تلك الموجود الواجب الوجود، وهذا الشيء الذي به عرف.', 'uploads/79400b761f979364008b80c289c6b7f8.png', 0, 2, 5),
(147, '2021-11-12 17:43:45', '2021-11-12 17:43:45', 'يلقيه في موضع لا.', 'exercitationem-expedita-eum-nulla-et', 'صورة صورة، فرأى أنها تتفق ببعض الصفات وتختلف ببعض، وأنها من الجهة التي يقال إنها غير متناهية، وأن جميع الأجسام وما يتصل بها أو يتعلق بها، ولو على بعد. وأن صفات الثبوت يشترط فيها هذا التنزيه حتى لا.', 'uploads/f6a7e4d8537112be41f3b2030a4cea29.png', 0, 4, 5),
(148, '2021-11-12 17:43:45', '2021-11-12 17:43:45', 'إنما تسعى في تحصيل.', 'placeat-amet-necessitatibus-molestias-fuga-ut-quis-vitae-magni', 'قلب ولكن لا سبيل إلى التحقق بما في السماوات والأرض والكواكب، وما بينها، وما فوقها، وما تحتها، وعلق الذنب من خلفه، وعلق الجناحين على عضديه، فأكسبه ذلك ستراً ودفئاً ومهابة في نفوس جميع الوحوش، حتى.', 'uploads/0a571c12b31a49dde545034b47514875.png', 0, 6, 5),
(149, '2021-11-12 17:43:45', '2021-11-12 17:43:45', 'في خرق الحجاب حتى.', 'rerum-et-voluptatem-voluptas-non-possimus-laborum-sunt-alias', 'أولى، إذ ليس للنبات من الادراكات و الأفعال قد تكون لها عوائق تعوقها، فإذا أزيلت العوائق عادت الأفعال. فلما نظر إليه أسال وهو مكتس بجلود الحيوان ذوات الاوبار؛ وشعره قد طال حتى جلل كثيراً منه، ورأى ما.', 'uploads/8d7bff1c5f8aa7a8cd31611825c71a3b.png', 0, 1, 5),
(150, '2021-11-12 17:43:45', '2021-11-12 17:43:45', 'انه تفكر: لم اختص.', 'et-iusto-ut-qui-nihil-inventore-explicabo-qui-earum', 'ما يصدر عنها فعل ما، أو أفعال ما، ورأى فريقاً من تلك القبة، خرق الهواء صاعداً لأن الهواء لا يمكنه أن يحبسه. وكان يرى أن هذا الوجود لا يخلو من تلك القوى الخاضعة، وتوكلت بحفظها و القيام عليها؛ فكانت.', 'uploads/47f1516ea5025389322668ed02de386d.png', 0, 1, 5);

-- --------------------------------------------------------

--
-- Table structure for table `profiles`
--

CREATE TABLE `profiles` (
  `id` bigint(20) UNSIGNED NOT NULL,
  `created_at` timestamp NULL DEFAULT NULL,
  `updated_at` timestamp NULL DEFAULT NULL,
  `user_id` int(10) UNSIGNED NOT NULL,
  `avatar` varchar(255) COLLATE utf8mb4_unicode_ci NOT NULL DEFAULT 'avatar.jpeg',
  `website` varchar(255) COLLATE utf8mb4_unicode_ci DEFAULT NULL,
  `bio` text COLLATE utf8mb4_unicode_ci DEFAULT NULL
) ENGINE=InnoDB DEFAULT CHARSET=utf8mb4 COLLATE=utf8mb4_unicode_ci;

--
-- Dumping data for table `profiles`
--

INSERT INTO `profiles` (`id`, `created_at`, `updated_at`, `user_id`, `avatar`, `website`, `bio`) VALUES
(1, '2021-11-12 17:42:12', '2021-11-12 17:42:12', 1, 'avatars/4d6bdb0352a17d4e3340053c1d50a09e.png', 'http://melhem.sa/labore-nobis-aut-distinctio-ut.html', 'الطريق يرى الوجود كله شيئاً واحداً، وبالنظر الأول كثرة لا نهاية لها، فرأى إن كل واحد من هذين.'),
(2, '2021-11-12 17:42:12', '2021-11-12 17:42:12', 2, 'avatars/5a69a520adbc55ba25dea484dfe8edb7.png', 'http://jabri.org/', 'له في نظره الأول في عالم الكون والفساد، تفكر في هذا الوقت مزيد بيان بالمشافهة على ما به من بين.'),
(3, '2021-11-12 17:42:13', '2021-11-12 17:42:13', 3, 'avatars/002f93a92157bb1f5d558d0b632322e9.png', 'http://www.shami.sa/et-recusandae-quia-numquam-delectus.html', 'بعضها لبعض، والوحدة أيضاً لا تكون إلا بأفلاك كثيرة، كلها مضمنة في فلك واحد، هو أعلاها. وهو الذي.'),
(4, '2021-11-12 17:42:14', '2021-11-12 17:42:14', 4, 'avatars/1becf9b5ce94106ab7df75bf7ed3b186.png', 'http://www.rabee.org/natus-ut-facere-corrupti-beatae-consequatur-consequatur-aut', 'ما به من الفرائض، ووضعه من العبادات؛ فوصف له الصلاة والزكاة، والصيام والحج، وما أشبهها من الأعمال.'),
(5, '2021-11-12 17:42:14', '2021-11-12 17:42:14', 5, 'avatars/db8121d26a022178333c9533e1b578e8.png', 'http://abulebbeh.org/aliquam-consequatur-rerum-id-voluptates-ut-aperiam', 'الكون والفساد، وهو البدن المظلم ذو الأعضاء المنقسمة، والقوى المختلفة، والمنازع المتفننة. والتشبه.'),
(6, '2021-11-12 17:42:15', '2021-11-12 17:42:15', 6, 'avatars/6fb3e50308a8a2cedaffc658c34bad00.png', 'http://www.kanaan.info/', 'إذا تخلص من تلك القبة، خرق الهواء صاعداً لأن الهواء لا يمكنه أن يحبسه. وكان يرى مع ذلك ما يكربه.'),
(7, '2021-11-12 17:42:17', '2021-11-12 17:42:17', 7, 'avatars/3244d6702db8bc0f0abe1d7368df79d1.png', 'http://www.abulebbeh.info/recusandae-reiciendis-quis-dolorum-culpa-laboriosam-enim-reiciendis', 'يعنيه هو أمثاله، انما هو القوة الناطقة التي تتصفح أشخاص الموجودات المحسوسة، وتقتنص منها المعنى.'),
(8, '2021-11-12 17:42:18', '2021-11-12 17:42:18', 8, 'avatars/a81dbe81b6d23eae7ad9f14a9b8780e8.png', 'https://abbad.net/incidunt-qui-assumenda-maxime-dolor-harum-incidunt.html', 'من جميع الاتجاهات، فإذن لا يفهم تأخر العالم عن الزمان. وكذلك أيضاً كان يقول: إذا كان حادثاً، فلا.'),
(9, '2021-11-12 17:42:19', '2021-11-12 17:42:19', 9, 'avatars/ab9fc5750a911e6fdf7ca9f1e3e9ea9c.png', 'http://flefel.biz/quis-ut-et-ut', 'الحرارة، وقد ثبت في علم التأويل. قد تعلم أكثر الألسن، ومهر فيها. فجعل يكلم حي بن يقظان يتقرب منه.'),
(10, '2021-11-12 17:42:19', '2021-11-12 17:42:19', 10, 'avatars/5cc3c7d8742834f34f7fe8f6c9b05c20.png', 'https://rashwani.sa/et-debitis-dolorem-voluptatem-omnis-impedit-sint-qui.html', 'ذكره وفكره السموات والأرض وما بينهما، وجميع الصور الروحانية عليه من حيث هو جسم، دون أن تقترن به.');

-- --------------------------------------------------------

--
-- Table structure for table `roles`
--

CREATE TABLE `roles` (
  `id` bigint(20) UNSIGNED NOT NULL,
  `role` varchar(255) COLLATE utf8mb4_unicode_ci NOT NULL,
  `created_at` timestamp NULL DEFAULT NULL,
  `updated_at` timestamp NULL DEFAULT NULL
) ENGINE=InnoDB DEFAULT CHARSET=utf8mb4 COLLATE=utf8mb4_unicode_ci;

--
-- Dumping data for table `roles`
--

INSERT INTO `roles` (`id`, `role`, `created_at`, `updated_at`) VALUES
(1, 'admin', NULL, NULL),
(2, 'sub-admin', NULL, NULL),
(3, 'user', NULL, NULL);

-- --------------------------------------------------------

--
-- Table structure for table `users`
--

CREATE TABLE `users` (
  `id` bigint(20) UNSIGNED NOT NULL,
  `name` varchar(255) COLLATE utf8mb4_unicode_ci NOT NULL,
  `email` varchar(255) COLLATE utf8mb4_unicode_ci NOT NULL,
  `email_verified_at` timestamp NULL DEFAULT NULL,
  `password` varchar(255) COLLATE utf8mb4_unicode_ci NOT NULL,
  `role_id` int(11) NOT NULL DEFAULT 2,
  `remember_token` varchar(100) COLLATE utf8mb4_unicode_ci DEFAULT NULL,
  `created_at` timestamp NULL DEFAULT NULL,
  `updated_at` timestamp NULL DEFAULT NULL
) ENGINE=InnoDB DEFAULT CHARSET=utf8mb4 COLLATE=utf8mb4_unicode_ci;

--
-- Dumping data for table `users`
--

INSERT INTO `users` (`id`, `name`, `email`, `email_verified_at`, `password`, `role_id`, `remember_token`, `created_at`, `updated_at`) VALUES
(1, 'ميسم اشرف عبدالمطلب القحطاني', 'omar03@example.com', '2021-11-12 17:42:10', '$2y$10$92IXUNpkjO0rOQ5byMi.Ye4oKoEa3Ro9llC/.og/at2.uheWG/igi', 3, '1ACcU8MVqF', '2021-11-12 17:42:10', '2021-11-12 17:42:10'),
(2, 'منار جبير السويلم', 'bobaisi@example.org', '2021-11-12 17:42:10', '$2y$10$92IXUNpkjO0rOQ5byMi.Ye4oKoEa3Ro9llC/.og/at2.uheWG/igi', 3, 'oNCcFTlzsG', '2021-11-12 17:42:12', '2021-11-12 17:42:12'),
(3, 'رنيم مكي', 'sabbas@example.net', '2021-11-12 17:42:10', '$2y$10$92IXUNpkjO0rOQ5byMi.Ye4oKoEa3Ro9llC/.og/at2.uheWG/igi', 1, '4xklGbC2hs', '2021-11-12 17:42:12', '2021-11-12 17:42:12'),
(4, 'هدايه الراجحي', 'ibrahim.abulebbeh@example.org', '2021-11-12 17:42:10', '$2y$10$92IXUNpkjO0rOQ5byMi.Ye4oKoEa3Ro9llC/.og/at2.uheWG/igi', 4, 'pfYvQxzV67', '2021-11-12 17:42:13', '2021-11-12 17:42:13'),
(5, 'شذى الصقير', 'omar57@example.com', '2021-11-12 17:42:10', '$2y$10$92IXUNpkjO0rOQ5byMi.Ye4oKoEa3Ro9llC/.og/at2.uheWG/igi', 3, 'dSQuLwNuAn', '2021-11-12 17:42:14', '2021-11-12 17:42:14'),
(6, 'كريم الجريد', 'samer57@example.net', '2021-11-12 17:42:10', '$2y$10$92IXUNpkjO0rOQ5byMi.Ye4oKoEa3Ro9llC/.og/at2.uheWG/igi', 1, 'WtiTzUIs32', '2021-11-12 17:42:14', '2021-11-12 17:42:14'),
(7, 'مهدي الخالدي', 'vhasan@example.net', '2021-11-12 17:42:10', '$2y$10$92IXUNpkjO0rOQ5byMi.Ye4oKoEa3Ro9llC/.og/at2.uheWG/igi', 1, 'Jb4xEk05vj', '2021-11-12 17:42:15', '2021-11-12 17:42:15'),
(8, 'مايا الماجد', 'hkaram@example.com', '2021-11-12 17:42:10', '$2y$10$92IXUNpkjO0rOQ5byMi.Ye4oKoEa3Ro9llC/.og/at2.uheWG/igi', 4, 'sNJW8eUQcG', '2021-11-12 17:42:17', '2021-11-12 17:42:17'),
(9, 'السيدة رناد الماجد', 'fadi.qawasmee@example.org', '2021-11-12 17:42:10', '$2y$10$92IXUNpkjO0rOQ5byMi.Ye4oKoEa3Ro9llC/.og/at2.uheWG/igi', 3, 'dna4cbq7IJ', '2021-11-12 17:42:18', '2021-11-12 17:42:18'),
(10, 'ابتهال الراجحي', 'mohammad.obaisi@example.org', '2021-11-12 17:42:10', '$2y$10$92IXUNpkjO0rOQ5byMi.Ye4oKoEa3Ro9llC/.og/at2.uheWG/igi', 2, 'D0diYxWukD', '2021-11-12 17:42:19', '2021-11-12 17:42:19');

--
-- Indexes for dumped tables
--

--
-- Indexes for table `categories`
--
ALTER TABLE `categories`
  ADD PRIMARY KEY (`id`),
  ADD UNIQUE KEY `categories_slug_unique` (`slug`);

--
-- Indexes for table `comments`
--
ALTER TABLE `comments`
  ADD PRIMARY KEY (`id`);

--
-- Indexes for table `failed_jobs`
--
ALTER TABLE `failed_jobs`
  ADD PRIMARY KEY (`id`),
  ADD UNIQUE KEY `failed_jobs_uuid_unique` (`uuid`);

--
-- Indexes for table `migrations`
--
ALTER TABLE `migrations`
  ADD PRIMARY KEY (`id`);

--
-- Indexes for table `pages`
--
ALTER TABLE `pages`
  ADD PRIMARY KEY (`id`),
  ADD KEY `pages_slug_index` (`slug`);

--
-- Indexes for table `password_resets`
--
ALTER TABLE `password_resets`
  ADD KEY `password_resets_email_index` (`email`);

--
-- Indexes for table `permissions`
--
ALTER TABLE `permissions`
  ADD PRIMARY KEY (`id`);

--
-- Indexes for table `permission_role`
--
ALTER TABLE `permission_role`
  ADD PRIMARY KEY (`id`);

--
-- Indexes for table `personal_access_tokens`
--
ALTER TABLE `personal_access_tokens`
  ADD PRIMARY KEY (`id`),
  ADD UNIQUE KEY `personal_access_tokens_token_unique` (`token`),
  ADD KEY `personal_access_tokens_tokenable_type_tokenable_id_index` (`tokenable_type`,`tokenable_id`);

--
-- Indexes for table `posts`
--
ALTER TABLE `posts`
  ADD PRIMARY KEY (`id`),
  ADD UNIQUE KEY `posts_slug_unique` (`slug`),
  ADD KEY `posts_user_id_foreign` (`user_id`),
  ADD KEY `posts_category_id_foreign` (`category_id`);

--
-- Indexes for table `profiles`
--
ALTER TABLE `profiles`
  ADD PRIMARY KEY (`id`);

--
-- Indexes for table `roles`
--
ALTER TABLE `roles`
  ADD PRIMARY KEY (`id`);

--
-- Indexes for table `users`
--
ALTER TABLE `users`
  ADD PRIMARY KEY (`id`),
  ADD UNIQUE KEY `users_email_unique` (`email`);

--
-- AUTO_INCREMENT for dumped tables
--

--
-- AUTO_INCREMENT for table `categories`
--
ALTER TABLE `categories`
  MODIFY `id` bigint(20) UNSIGNED NOT NULL AUTO_INCREMENT, AUTO_INCREMENT=6;

--
-- AUTO_INCREMENT for table `comments`
--
ALTER TABLE `comments`
  MODIFY `id` bigint(20) UNSIGNED NOT NULL AUTO_INCREMENT;

--
-- AUTO_INCREMENT for table `failed_jobs`
--
ALTER TABLE `failed_jobs`
  MODIFY `id` bigint(20) UNSIGNED NOT NULL AUTO_INCREMENT;

--
-- AUTO_INCREMENT for table `migrations`
--
ALTER TABLE `migrations`
  MODIFY `id` int(10) UNSIGNED NOT NULL AUTO_INCREMENT, AUTO_INCREMENT=13;

--
-- AUTO_INCREMENT for table `pages`
--
ALTER TABLE `pages`
  MODIFY `id` bigint(20) UNSIGNED NOT NULL AUTO_INCREMENT;

--
-- AUTO_INCREMENT for table `permissions`
--
ALTER TABLE `permissions`
  MODIFY `id` bigint(20) UNSIGNED NOT NULL AUTO_INCREMENT, AUTO_INCREMENT=9;

--
-- AUTO_INCREMENT for table `permission_role`
--
ALTER TABLE `permission_role`
  MODIFY `id` bigint(20) UNSIGNED NOT NULL AUTO_INCREMENT;

--
-- AUTO_INCREMENT for table `personal_access_tokens`
--
ALTER TABLE `personal_access_tokens`
  MODIFY `id` bigint(20) UNSIGNED NOT NULL AUTO_INCREMENT;

--
-- AUTO_INCREMENT for table `posts`
--
ALTER TABLE `posts`
  MODIFY `id` bigint(20) UNSIGNED NOT NULL AUTO_INCREMENT, AUTO_INCREMENT=151;

--
-- AUTO_INCREMENT for table `profiles`
--
ALTER TABLE `profiles`
  MODIFY `id` bigint(20) UNSIGNED NOT NULL AUTO_INCREMENT, AUTO_INCREMENT=11;

--
-- AUTO_INCREMENT for table `roles`
--
ALTER TABLE `roles`
  MODIFY `id` bigint(20) UNSIGNED NOT NULL AUTO_INCREMENT, AUTO_INCREMENT=4;

--
-- AUTO_INCREMENT for table `users`
--
ALTER TABLE `users`
  MODIFY `id` bigint(20) UNSIGNED NOT NULL AUTO_INCREMENT, AUTO_INCREMENT=11;

--
-- Constraints for dumped tables
--

--
-- Constraints for table `posts`
--
ALTER TABLE `posts`
  ADD CONSTRAINT `posts_category_id_foreign` FOREIGN KEY (`category_id`) REFERENCES `categories` (`id`) ON DELETE CASCADE,
  ADD CONSTRAINT `posts_user_id_foreign` FOREIGN KEY (`user_id`) REFERENCES `users` (`id`) ON DELETE CASCADE;
COMMIT;

/*!40101 SET CHARACTER_SET_CLIENT=@OLD_CHARACTER_SET_CLIENT */;
/*!40101 SET CHARACTER_SET_RESULTS=@OLD_CHARACTER_SET_RESULTS */;
/*!40101 SET COLLATION_CONNECTION=@OLD_COLLATION_CONNECTION */;
